BondCounts,frequency
1,0.06432748538011696
2,0.19298245614035087
3,0.3508771929824561
4,0.21637426900584794
5,0.08771929824561403
6,0.08771929824561403
