BondCounts,frequency
1,0.09270216962524655
2,0.22485207100591717
3,0.3510848126232742
4,0.1854043392504931
5,0.07297830374753451
6,0.07297830374753451
