BondCounts,frequency
1,0.06470588235294118
2,0.20588235294117646
3,0.4176470588235294
4,0.17058823529411765
5,0.058823529411764705
6,0.08235294117647059
