BondCounts,frequency
1,0.11847389558232932
2,0.20682730923694778
3,0.3709839357429719
4,0.16616465863453816
5,0.0788152610441767
6,0.058734939759036146
