Size,Frequency,Fraction of total molecules
1,0.8819444444444444,0.75
2,0.05555555555555555,0.1
3,0.0625,0.15
