Cluster size,frequency,foTM
1,0.7845568783068785,0.6583333333333333
2,0.1931216931216931,0.2833333333333333
3,0.0104166666666666,0.0249999999999999
4,0.0119047619047619,0.0333333333333333
