Index, Times (s), Average (s), St Dev (s)
0, 12491.707, 12400.070999999998, 139.7707669550393
1, 12473.686
2, 12346.679
3, 12524.336
4, 12144.726
5, 12419.292
