Size,Count,Frequency,Fraction of total molecules
1,1,0.1,0.027777777777777776
2,4,0.4,0.2222222222222222
3,1,0.1,0.08333333333333333
5,2,0.2,0.2777777777777778
7,2,0.2,0.3888888888888889
