Size,Count,Frequency,Fraction of total molecules
2,4,0.5714285714285714,0.2222222222222222
3,1,0.14285714285714285,0.08333333333333333
5,1,0.14285714285714285,0.1388888888888889
20,1,0.14285714285714285,0.5555555555555556
