Size,Count,Frequency,Fraction of total molecules
1,18,0.72,0.5
2,3,0.12,0.16666666666666666
3,4,0.16,0.3333333333333333
