Size,Count,Frequency,Fraction of total molecules
1,2,0.3333333333333333,0.05555555555555555
2,1,0.16666666666666666,0.05555555555555555
4,1,0.16666666666666666,0.1111111111111111
5,1,0.16666666666666666,0.1388888888888889
23,1,0.16666666666666666,0.6388888888888888
