Size,Count,Frequency,Fraction of total molecules
2,2,0.25,0.1111111111111111
4,1,0.125,0.1111111111111111
5,3,0.375,0.4166666666666667
6,1,0.125,0.16666666666666666
7,1,0.125,0.19444444444444445
