Size,Count,Frequency,Fraction of total molecules
2,1,0.2,0.05555555555555555
3,1,0.2,0.08333333333333333
4,1,0.2,0.1111111111111111
10,1,0.2,0.2777777777777778
17,1,0.2,0.4722222222222222
