Size,Count,Frequency,Fraction of total molecules
1,1,0.14285714285714285,0.027777777777777776
2,1,0.14285714285714285,0.05555555555555555
4,2,0.2857142857142857,0.2222222222222222
6,1,0.14285714285714285,0.16666666666666666
8,1,0.14285714285714285,0.2222222222222222
11,1,0.14285714285714285,0.3055555555555556
