Size,Count,Frequency,Fraction of total molecules
1,1,0.1,0.027777777777777776
2,2,0.2,0.1111111111111111
3,3,0.3,0.25
4,2,0.2,0.2222222222222222
6,1,0.1,0.16666666666666666
8,1,0.1,0.2222222222222222
