Size,Count,Frequency,Fraction of total molecules
2,1,0.14285714285714285,0.05555555555555555
3,1,0.14285714285714285,0.08333333333333333
4,2,0.2857142857142857,0.2222222222222222
5,1,0.14285714285714285,0.1388888888888889
7,1,0.14285714285714285,0.19444444444444445
11,1,0.14285714285714285,0.3055555555555556
