Size,Count,Frequency,Fraction of total molecules
1,1,0.14285714285714285,0.027777777777777776
2,1,0.14285714285714285,0.05555555555555555
5,3,0.42857142857142855,0.4166666666666667
6,1,0.14285714285714285,0.16666666666666666
12,1,0.14285714285714285,0.3333333333333333
