Size,Count,Frequency,Fraction of total molecules
2,3,0.5,0.16666666666666666
4,1,0.16666666666666666,0.1111111111111111
9,1,0.16666666666666666,0.25
17,1,0.16666666666666666,0.4722222222222222
