Size,Count,Frequency,Fraction of total molecules
1,2,0.25,0.05555555555555555
2,2,0.25,0.1111111111111111
5,2,0.25,0.2777777777777778
6,1,0.125,0.16666666666666666
14,1,0.125,0.3888888888888889
