Size,Count,Frequency,Fraction of total molecules
2,2,0.3333333333333333,0.1111111111111111
4,1,0.16666666666666666,0.1111111111111111
7,1,0.16666666666666666,0.19444444444444445
10,1,0.16666666666666666,0.2777777777777778
11,1,0.16666666666666666,0.3055555555555556
