Size,Count,Frequency,Fraction of total molecules
1,1,0.25,0.027777777777777776
5,1,0.25,0.1388888888888889
7,1,0.25,0.19444444444444445
23,1,0.25,0.6388888888888888
