Size,Count,Frequency,Fraction of total molecules
1,2,0.2857142857142857,0.05555555555555555
2,1,0.14285714285714285,0.05555555555555555
5,2,0.2857142857142857,0.2777777777777778
8,1,0.14285714285714285,0.2222222222222222
14,1,0.14285714285714285,0.3888888888888889
