Size,Count,Frequency,Fraction of total molecules
2,2,0.3333333333333333,0.1111111111111111
5,2,0.3333333333333333,0.2777777777777778
6,1,0.16666666666666666,0.16666666666666666
16,1,0.16666666666666666,0.4444444444444444
