Size,Count,Frequency,Fraction of total molecules
1,2,0.25,0.05555555555555555
2,1,0.125,0.05555555555555555
4,2,0.25,0.2222222222222222
6,1,0.125,0.16666666666666666
7,1,0.125,0.19444444444444445
11,1,0.125,0.3055555555555556
