Size,Count,Frequency,Fraction of total molecules
2,1,0.2,0.05555555555555555
3,2,0.4,0.16666666666666666
9,1,0.2,0.25
19,1,0.2,0.5277777777777778
