Size,Count,Frequency,Fraction of total molecules
2,1,0.2,0.05555555555555555
3,1,0.2,0.08333333333333333
5,1,0.2,0.1388888888888889
7,1,0.2,0.19444444444444445
19,1,0.2,0.5277777777777778
