Size,Count,Frequency,Fraction of total molecules
2,3,0.5,0.16666666666666666
5,1,0.16666666666666666,0.1388888888888889
10,1,0.16666666666666666,0.2777777777777778
15,1,0.16666666666666666,0.4166666666666667
