Size,Count,Frequency,Fraction of total molecules
1,2,0.2857142857142857,0.05555555555555555
2,1,0.14285714285714285,0.05555555555555555
4,1,0.14285714285714285,0.1111111111111111
6,2,0.2857142857142857,0.3333333333333333
16,1,0.14285714285714285,0.4444444444444444
