Size,Count,Frequency,Fraction of total molecules
1,2,0.4,0.05555555555555555
4,1,0.2,0.1111111111111111
10,1,0.2,0.2777777777777778
20,1,0.2,0.5555555555555556
