Size,Count,Frequency,Fraction of total molecules
2,3,0.5,0.16666666666666666
5,1,0.16666666666666666,0.1388888888888889
9,1,0.16666666666666666,0.25
16,1,0.16666666666666666,0.4444444444444444
