Size,Count,Frequency,Fraction of total molecules
2,2,0.3333333333333333,0.1111111111111111
5,3,0.5,0.4166666666666667
17,1,0.16666666666666666,0.4722222222222222
