Size,Count,Frequency,Fraction of total molecules
2,1,0.16666666666666666,0.05555555555555555
3,2,0.3333333333333333,0.16666666666666666
4,1,0.16666666666666666,0.1111111111111111
9,1,0.16666666666666666,0.25
15,1,0.16666666666666666,0.4166666666666667
