Size,Count,Frequency,Fraction of total molecules
2,2,0.5,0.1111111111111111
5,1,0.25,0.1388888888888889
27,1,0.25,0.75
