Size,Count,Frequency,Fraction of total molecules
1,2,0.3333333333333333,0.05555555555555555
2,1,0.16666666666666666,0.05555555555555555
3,1,0.16666666666666666,0.08333333333333333
9,1,0.16666666666666666,0.25
20,1,0.16666666666666666,0.5555555555555556
