Size,Count,Frequency,Fraction of total molecules
1,1,0.1111111111111111,0.027777777777777776
2,3,0.3333333333333333,0.16666666666666666
3,1,0.1111111111111111,0.08333333333333333
4,3,0.3333333333333333,0.3333333333333333
14,1,0.1111111111111111,0.3888888888888889
