Size,Count,Frequency,Fraction of total molecules
1,1,0.16666666666666666,0.027777777777777776
2,1,0.16666666666666666,0.05555555555555555
4,1,0.16666666666666666,0.1111111111111111
6,2,0.3333333333333333,0.3333333333333333
17,1,0.16666666666666666,0.4722222222222222
