Size,Count,Frequency,Fraction of total molecules
2,1,0.16666666666666666,0.05555555555555555
4,1,0.16666666666666666,0.1111111111111111
5,3,0.5,0.4166666666666667
15,1,0.16666666666666666,0.4166666666666667
