Size,Count,Frequency,Fraction of total molecules
2,1,0.2,0.05555555555555555
6,1,0.2,0.16666666666666666
7,1,0.2,0.19444444444444445
9,1,0.2,0.25
12,1,0.2,0.3333333333333333
