Size,Count,Frequency,Fraction of total molecules
2,1,0.125,0.05555555555555555
3,3,0.375,0.25
4,1,0.125,0.1111111111111111
5,2,0.25,0.2777777777777778
11,1,0.125,0.3055555555555556
