Size,Count,Frequency,Fraction of total molecules
2,2,0.3333333333333333,0.1111111111111111
4,2,0.3333333333333333,0.2222222222222222
5,1,0.16666666666666666,0.1388888888888889
19,1,0.16666666666666666,0.5277777777777778
