Size,Count,Frequency,Fraction of total molecules
1,1,0.125,0.027777777777777776
2,3,0.375,0.16666666666666666
4,1,0.125,0.1111111111111111
5,2,0.25,0.2777777777777778
15,1,0.125,0.4166666666666667
