Size,Count,Frequency,Fraction of total molecules
1,5,0.29411764705882354,0.1388888888888889
2,7,0.4117647058823529,0.3888888888888889
3,4,0.23529411764705882,0.3333333333333333
5,1,0.058823529411764705,0.1388888888888889
