Size,Count,Frequency,Fraction of total molecules
1,2,0.25,0.05555555555555555
2,1,0.125,0.05555555555555555
3,1,0.125,0.08333333333333333
4,2,0.25,0.2222222222222222
8,1,0.125,0.2222222222222222
13,1,0.125,0.3611111111111111
