Size,Count,Frequency,Fraction of total molecules
1,5,0.38461538461538464,0.1388888888888889
2,2,0.15384615384615385,0.1111111111111111
4,5,0.38461538461538464,0.5555555555555556
7,1,0.07692307692307693,0.19444444444444445
