Size,Count,Frequency,Fraction of total molecules
1,3,0.3333333333333333,0.08333333333333333
4,2,0.2222222222222222,0.2222222222222222
5,1,0.1111111111111111,0.1388888888888889
6,1,0.1111111111111111,0.16666666666666666
7,2,0.2222222222222222,0.3888888888888889
