Size,Count,Frequency,Fraction of total molecules
1,2,0.3333333333333333,0.05555555555555555
5,1,0.16666666666666666,0.1388888888888889
6,1,0.16666666666666666,0.16666666666666666
7,1,0.16666666666666666,0.19444444444444445
16,1,0.16666666666666666,0.4444444444444444
