Size,Count,Frequency,Fraction of total molecules
2,2,0.2857142857142857,0.1111111111111111
4,1,0.14285714285714285,0.1111111111111111
5,2,0.2857142857142857,0.2777777777777778
6,1,0.14285714285714285,0.16666666666666666
12,1,0.14285714285714285,0.3333333333333333
