Size,Count,Frequency,Fraction of total molecules
2,3,0.5,0.16666666666666666
5,2,0.3333333333333333,0.2777777777777778
20,1,0.16666666666666666,0.5555555555555556
