Size,Count,Frequency,Fraction of total molecules
1,1,0.1111111111111111,0.027777777777777776
2,1,0.1111111111111111,0.05555555555555555
3,2,0.2222222222222222,0.16666666666666666
4,4,0.4444444444444444,0.4444444444444444
11,1,0.1111111111111111,0.3055555555555556
