Size,Count,Frequency,Fraction of total molecules
1,1,0.16666666666666666,0.027777777777777776
2,1,0.16666666666666666,0.05555555555555555
4,1,0.16666666666666666,0.1111111111111111
5,1,0.16666666666666666,0.1388888888888889
11,1,0.16666666666666666,0.3055555555555556
13,1,0.16666666666666666,0.3611111111111111
