Size,Count,Frequency,Fraction of total molecules
1,1,0.14285714285714285,0.027777777777777776
2,2,0.2857142857142857,0.1111111111111111
4,2,0.2857142857142857,0.2222222222222222
7,1,0.14285714285714285,0.19444444444444445
16,1,0.14285714285714285,0.4444444444444444
