Size,Count,Frequency,Fraction of total molecules
1,1,0.125,0.027777777777777776
2,3,0.375,0.16666666666666666
5,2,0.25,0.2777777777777778
8,1,0.125,0.2222222222222222
11,1,0.125,0.3055555555555556
