Size,Count,Frequency,Fraction of total molecules
1,5,0.5,0.1388888888888889
3,2,0.2,0.16666666666666666
4,1,0.1,0.1111111111111111
5,1,0.1,0.1388888888888889
16,1,0.1,0.4444444444444444
