Size,Count,Frequency,Fraction of total molecules
1,4,0.3076923076923077,0.1111111111111111
2,2,0.15384615384615385,0.1111111111111111
3,2,0.15384615384615385,0.16666666666666666
4,3,0.23076923076923078,0.3333333333333333
5,2,0.15384615384615385,0.2777777777777778
