Size,Count,Frequency,Fraction of total molecules
1,1,0.16666666666666666,0.027777777777777776
2,1,0.16666666666666666,0.05555555555555555
4,1,0.16666666666666666,0.1111111111111111
7,1,0.16666666666666666,0.19444444444444445
11,2,0.3333333333333333,0.6111111111111112
