Size,Count,Frequency,Fraction of total molecules
2,3,0.375,0.16666666666666666
4,2,0.25,0.2222222222222222
5,2,0.25,0.2777777777777778
12,1,0.125,0.3333333333333333
