Size,Count,Frequency,Fraction of total molecules
1,1,0.1,0.027777777777777776
2,3,0.3,0.16666666666666666
3,3,0.3,0.25
5,2,0.2,0.2777777777777778
10,1,0.1,0.2777777777777778
