Size,Count,Frequency,Fraction of total molecules
2,1,0.125,0.05555555555555555
3,2,0.25,0.16666666666666666
4,4,0.5,0.4444444444444444
12,1,0.125,0.3333333333333333
