Size,Count,Frequency,Fraction of total molecules
1,2,0.2,0.05555555555555555
2,1,0.1,0.05555555555555555
3,1,0.1,0.08333333333333333
4,3,0.3,0.3333333333333333
5,2,0.2,0.2777777777777778
7,1,0.1,0.19444444444444445
