Size,Count,Frequency,Fraction of total molecules
2,3,0.3,0.16666666666666666
3,3,0.3,0.25
4,1,0.1,0.1111111111111111
5,2,0.2,0.2777777777777778
7,1,0.1,0.19444444444444445
