Size,Count,Frequency,Fraction of total molecules
1,3,0.2727272727272727,0.08333333333333333
2,2,0.18181818181818182,0.1111111111111111
4,3,0.2727272727272727,0.3333333333333333
5,2,0.18181818181818182,0.2777777777777778
7,1,0.09090909090909091,0.19444444444444445
