Size,Count,Frequency,Fraction of total molecules
2,2,0.25,0.1111111111111111
3,2,0.25,0.16666666666666666
4,3,0.375,0.3333333333333333
14,1,0.125,0.3888888888888889
