Size,Count,Frequency,Fraction of total molecules
1,2,0.25,0.05555555555555555
2,2,0.25,0.1111111111111111
5,2,0.25,0.2777777777777778
9,1,0.125,0.25
11,1,0.125,0.3055555555555556
