Size,Count,Frequency,Fraction of total molecules
1,2,0.2,0.05555555555555555
2,1,0.1,0.05555555555555555
4,4,0.4,0.4444444444444444
5,2,0.2,0.2777777777777778
6,1,0.1,0.16666666666666666
