Size,Count,Frequency,Fraction of total molecules
1,1,0.16666666666666666,0.027777777777777776
2,1,0.16666666666666666,0.05555555555555555
4,2,0.3333333333333333,0.2222222222222222
6,1,0.16666666666666666,0.16666666666666666
19,1,0.16666666666666666,0.5277777777777778
