Size,Count,Frequency,Fraction of total molecules
2,3,0.5,0.16666666666666666
3,1,0.16666666666666666,0.08333333333333333
5,1,0.16666666666666666,0.1388888888888889
22,1,0.16666666666666666,0.6111111111111112
