Size,Count,Frequency,Fraction of total molecules
1,1,0.14285714285714285,0.027777777777777776
3,1,0.14285714285714285,0.08333333333333333
4,1,0.14285714285714285,0.1111111111111111
5,3,0.42857142857142855,0.4166666666666667
13,1,0.14285714285714285,0.3611111111111111
