Size,Count,Frequency,Fraction of total molecules
1,9,0.5,0.25
2,3,0.16666666666666666,0.16666666666666666
3,3,0.16666666666666666,0.25
4,3,0.16666666666666666,0.3333333333333333
