Size,Count,Frequency,Fraction of total molecules
1,4,0.36363636363636365,0.1111111111111111
2,1,0.09090909090909091,0.05555555555555555
3,1,0.09090909090909091,0.08333333333333333
4,4,0.36363636363636365,0.4444444444444444
11,1,0.09090909090909091,0.3055555555555556
