Size,Count,Frequency,Fraction of total molecules
1,3,0.2727272727272727,0.08333333333333333
2,1,0.09090909090909091,0.05555555555555555
3,3,0.2727272727272727,0.25
4,2,0.18181818181818182,0.2222222222222222
6,1,0.09090909090909091,0.16666666666666666
8,1,0.09090909090909091,0.2222222222222222
