Size,Count,Frequency,Fraction of total molecules
1,3,0.42857142857142855,0.08333333333333333
2,1,0.14285714285714285,0.05555555555555555
5,1,0.14285714285714285,0.1388888888888889
11,1,0.14285714285714285,0.3055555555555556
15,1,0.14285714285714285,0.4166666666666667
