Size,Count,Frequency,Fraction of total molecules
2,1,0.14285714285714285,0.05555555555555555
3,1,0.14285714285714285,0.08333333333333333
4,2,0.2857142857142857,0.2222222222222222
7,2,0.2857142857142857,0.3888888888888889
9,1,0.14285714285714285,0.25
