Size,Count,Frequency,Fraction of total molecules
1,2,0.2,0.05555555555555555
3,2,0.2,0.16666666666666666
4,3,0.3,0.3333333333333333
5,2,0.2,0.2777777777777778
6,1,0.1,0.16666666666666666
