Size,Count,Frequency,Fraction of total molecules
1,2,0.25,0.05555555555555555
4,3,0.375,0.3333333333333333
5,1,0.125,0.1388888888888889
7,1,0.125,0.19444444444444445
10,1,0.125,0.2777777777777778
