Size,Count,Frequency,Fraction of total molecules
1,1,0.14285714285714285,0.027777777777777776
2,1,0.14285714285714285,0.05555555555555555
4,2,0.2857142857142857,0.2222222222222222
5,1,0.14285714285714285,0.1388888888888889
7,1,0.14285714285714285,0.19444444444444445
13,1,0.14285714285714285,0.3611111111111111
