Size,Count,Frequency,Fraction of total molecules
1,8,0.4444444444444444,0.2222222222222222
2,4,0.2222222222222222,0.2222222222222222
3,5,0.2777777777777778,0.4166666666666667
5,1,0.05555555555555555,0.1388888888888889
