Size,Count,Frequency,Fraction of total molecules
2,2,0.3333333333333333,0.1111111111111111
5,2,0.3333333333333333,0.2777777777777778
10,1,0.16666666666666666,0.2777777777777778
12,1,0.16666666666666666,0.3333333333333333
