Size,Count,Frequency,Fraction of total molecules
1,2,0.2857142857142857,0.05555555555555555
2,1,0.14285714285714285,0.05555555555555555
3,1,0.14285714285714285,0.08333333333333333
5,1,0.14285714285714285,0.1388888888888889
12,2,0.2857142857142857,0.6666666666666666
