Size,Count,Frequency,Fraction of total molecules
1,3,0.375,0.08333333333333333
2,1,0.125,0.05555555555555555
4,2,0.25,0.2222222222222222
11,1,0.125,0.3055555555555556
12,1,0.125,0.3333333333333333
