Size,Count,Frequency,Fraction of total molecules
1,2,0.2222222222222222,0.05555555555555555
2,1,0.1111111111111111,0.05555555555555555
3,1,0.1111111111111111,0.08333333333333333
4,3,0.3333333333333333,0.3333333333333333
7,1,0.1111111111111111,0.19444444444444445
10,1,0.1111111111111111,0.2777777777777778
