Size,Count,Frequency,Fraction of total molecules
2,4,0.4,0.2222222222222222
3,2,0.2,0.16666666666666666
5,3,0.3,0.4166666666666667
7,1,0.1,0.19444444444444445
