Size,Count,Frequency,Fraction of total molecules
1,1,0.125,0.027777777777777776
2,1,0.125,0.05555555555555555
3,1,0.125,0.08333333333333333
4,3,0.375,0.3333333333333333
7,1,0.125,0.19444444444444445
11,1,0.125,0.3055555555555556
