Size,Count,Frequency,Fraction of total molecules
1,10,0.5263157894736842,0.2777777777777778
2,4,0.21052631578947367,0.2222222222222222
3,3,0.15789473684210525,0.25
4,1,0.05263157894736842,0.1111111111111111
5,1,0.05263157894736842,0.1388888888888889
