Size,Count,Frequency,Fraction of total molecules
2,3,0.375,0.16666666666666666
4,1,0.125,0.1111111111111111
5,3,0.375,0.4166666666666667
11,1,0.125,0.3055555555555556
