Size,Count,Frequency,Fraction of total molecules
1,3,0.375,0.08333333333333333
4,1,0.125,0.1111111111111111
5,2,0.25,0.2777777777777778
7,1,0.125,0.19444444444444445
12,1,0.125,0.3333333333333333
