Size,Count,Frequency,Fraction of total molecules
1,1,0.125,0.027777777777777776
2,1,0.125,0.05555555555555555
3,2,0.25,0.16666666666666666
4,3,0.375,0.3333333333333333
15,1,0.125,0.4166666666666667
