Size,Count,Frequency,Fraction of total molecules
1,3,0.3,0.08333333333333333
2,2,0.2,0.1111111111111111
3,2,0.2,0.16666666666666666
4,2,0.2,0.2222222222222222
15,1,0.1,0.4166666666666667
