Size,Count,Frequency,Fraction of total molecules
3,1,0.16666666666666666,0.08333333333333333
4,2,0.3333333333333333,0.2222222222222222
6,1,0.16666666666666666,0.16666666666666666
9,1,0.16666666666666666,0.25
10,1,0.16666666666666666,0.2777777777777778
