Size,Count,Frequency,Fraction of total molecules
3,1,0.25,0.08333333333333333
6,1,0.25,0.16666666666666666
12,1,0.25,0.3333333333333333
15,1,0.25,0.4166666666666667
