Size,Count,Frequency,Fraction of total molecules
1,1,0.125,0.027777777777777776
2,3,0.375,0.16666666666666666
4,1,0.125,0.1111111111111111
7,1,0.125,0.19444444444444445
8,1,0.125,0.2222222222222222
10,1,0.125,0.2777777777777778
