Size,Count,Frequency,Fraction of total molecules
1,1,0.16666666666666666,0.027777777777777776
2,1,0.16666666666666666,0.05555555555555555
7,3,0.5,0.5833333333333334
12,1,0.16666666666666666,0.3333333333333333
