Size,Count,Frequency,Fraction of total molecules
2,1,0.16666666666666666,0.05555555555555555
3,1,0.16666666666666666,0.08333333333333333
4,2,0.3333333333333333,0.2222222222222222
11,1,0.16666666666666666,0.3055555555555556
12,1,0.16666666666666666,0.3333333333333333
