Size,Count,Frequency,Fraction of total molecules
1,1,0.1,0.027777777777777776
2,1,0.1,0.05555555555555555
3,2,0.2,0.16666666666666666
4,4,0.4,0.4444444444444444
5,1,0.1,0.1388888888888889
6,1,0.1,0.16666666666666666
