Size,Count,Frequency,Fraction of total molecules
1,1,0.1,0.027777777777777776
2,3,0.3,0.16666666666666666
3,4,0.4,0.3333333333333333
5,1,0.1,0.1388888888888889
12,1,0.1,0.3333333333333333
