Size,Count,Frequency,Fraction of total molecules
1,4,0.5,0.1111111111111111
4,1,0.125,0.1111111111111111
6,2,0.25,0.3333333333333333
16,1,0.125,0.4444444444444444
