BondCounts,frequency
1,0.12418300653594772
2,0.30392156862745096
3,0.29411764705882354
4,0.19934640522875818
5,0.0784313725490196
