Index, Times (s), Average (s), St Dev (s)
0, 17.975, 17.64691666666667, 0.4405384016556712
1, 17.664
2, 16.832
3, 17.432
4, 17.451
5, 17.757
6, 17.901
7, 17.466
8, 17.09
9, 17.75
10, 18.527
11, 17.918
