Size,Count,Frequency,Fraction of total molecules
2,2,0.3333333333333333,0.1111111111111111
3,2,0.3333333333333333,0.16666666666666666
5,1,0.16666666666666666,0.1388888888888889
21,1,0.16666666666666666,0.5833333333333334
