Size,Count,Frequency,Fraction of total molecules
1,1,0.09090909090909091,0.027777777777777776
2,6,0.5454545454545454,0.3333333333333333
4,1,0.09090909090909091,0.1111111111111111
5,2,0.18181818181818182,0.2777777777777778
9,1,0.09090909090909091,0.25
