Size,Count,Frequency,Fraction of total molecules
1,1,0.1,0.027777777777777776
2,5,0.5,0.2777777777777778
3,1,0.1,0.08333333333333333
4,1,0.1,0.1111111111111111
8,1,0.1,0.2222222222222222
10,1,0.1,0.2777777777777778
