Size,Count,Frequency,Fraction of total molecules
1,1,0.08333333333333333,0.027777777777777776
2,5,0.4166666666666667,0.2777777777777778
3,1,0.08333333333333333,0.08333333333333333
4,3,0.25,0.3333333333333333
5,2,0.16666666666666666,0.2777777777777778
