Size,Count,Frequency,Fraction of total molecules
2,2,0.4,0.1111111111111111
5,1,0.2,0.1388888888888889
13,1,0.2,0.3611111111111111
14,1,0.2,0.3888888888888889
