Size,Count,Frequency,Fraction of total molecules
1,2,0.15384615384615385,0.05555555555555555
2,5,0.38461538461538464,0.2777777777777778
3,2,0.15384615384615385,0.16666666666666666
4,2,0.15384615384615385,0.2222222222222222
5,2,0.15384615384615385,0.2777777777777778
