Size,Count,Frequency,Fraction of total molecules
2,1,0.2,0.05555555555555555
4,1,0.2,0.1111111111111111
7,1,0.2,0.19444444444444445
11,1,0.2,0.3055555555555556
12,1,0.2,0.3333333333333333
