Size,Count,Frequency,Fraction of total molecules
1,1,0.25,0.027777777777777776
2,1,0.25,0.05555555555555555
3,1,0.25,0.08333333333333333
30,1,0.25,0.8333333333333334
