Size,Count,Frequency,Fraction of total molecules
1,3,0.23076923076923078,0.08333333333333333
2,5,0.38461538461538464,0.2777777777777778
3,1,0.07692307692307693,0.08333333333333333
4,2,0.15384615384615385,0.2222222222222222
5,1,0.07692307692307693,0.1388888888888889
7,1,0.07692307692307693,0.19444444444444445
