Size,Count,Frequency,Fraction of total molecules
1,3,0.2727272727272727,0.08333333333333333
2,3,0.2727272727272727,0.16666666666666666
3,2,0.18181818181818182,0.16666666666666666
4,1,0.09090909090909091,0.1111111111111111
5,1,0.09090909090909091,0.1388888888888889
12,1,0.09090909090909091,0.3333333333333333
