Size,Count,Frequency,Fraction of total molecules
1,5,0.38461538461538464,0.1388888888888889
2,4,0.3076923076923077,0.2222222222222222
3,1,0.07692307692307693,0.08333333333333333
4,1,0.07692307692307693,0.1111111111111111
5,1,0.07692307692307693,0.1388888888888889
11,1,0.07692307692307693,0.3055555555555556
