Size,Count,Frequency,Fraction of total molecules
1,3,0.3,0.08333333333333333
2,4,0.4,0.2222222222222222
4,1,0.1,0.1111111111111111
9,1,0.1,0.25
12,1,0.1,0.3333333333333333
