Size,Count,Frequency,Fraction of total molecules
1,1,0.125,0.027777777777777776
2,3,0.375,0.16666666666666666
4,3,0.375,0.3333333333333333
17,1,0.125,0.4722222222222222
