Size,Count,Frequency,Fraction of total molecules
1,3,0.3,0.08333333333333333
2,3,0.3,0.16666666666666666
3,3,0.3,0.25
18,1,0.1,0.5
