Size,Count,Frequency,Fraction of total molecules
1,1,0.09090909090909091,0.027777777777777776
2,6,0.5454545454545454,0.3333333333333333
3,1,0.09090909090909091,0.08333333333333333
4,1,0.09090909090909091,0.1111111111111111
7,1,0.09090909090909091,0.19444444444444445
9,1,0.09090909090909091,0.25
