Size,Count,Frequency,Fraction of total molecules
1,2,0.2,0.05555555555555555
2,3,0.3,0.16666666666666666
5,3,0.3,0.4166666666666667
6,1,0.1,0.16666666666666666
7,1,0.1,0.19444444444444445
