Size,Count,Frequency,Fraction of total molecules
1,1,0.125,0.027777777777777776
2,4,0.5,0.2222222222222222
5,1,0.125,0.1388888888888889
9,1,0.125,0.25
13,1,0.125,0.3611111111111111
