Size,Count,Frequency,Fraction of total molecules
2,2,0.4,0.1111111111111111
3,1,0.2,0.08333333333333333
8,1,0.2,0.2222222222222222
21,1,0.2,0.5833333333333334
