Size,Count,Frequency,Fraction of total molecules
2,3,0.375,0.16666666666666666
3,2,0.25,0.16666666666666666
7,1,0.125,0.19444444444444445
8,1,0.125,0.2222222222222222
9,1,0.125,0.25
