Size,Count,Frequency,Fraction of total molecules
2,1,0.14285714285714285,0.05555555555555555
3,1,0.14285714285714285,0.08333333333333333
4,3,0.42857142857142855,0.3333333333333333
7,1,0.14285714285714285,0.19444444444444445
12,1,0.14285714285714285,0.3333333333333333
