Size,Count,Frequency,Fraction of total molecules
1,4,0.36363636363636365,0.1111111111111111
2,3,0.2727272727272727,0.16666666666666666
4,1,0.09090909090909091,0.1111111111111111
5,2,0.18181818181818182,0.2777777777777778
12,1,0.09090909090909091,0.3333333333333333
