Size,Count,Frequency,Fraction of total molecules
2,4,0.5,0.2222222222222222
4,1,0.125,0.1111111111111111
5,2,0.25,0.2777777777777778
14,1,0.125,0.3888888888888889
