Size,Count,Frequency,Fraction of total molecules
1,1,0.1111111111111111,0.027777777777777776
3,3,0.3333333333333333,0.25
4,1,0.1111111111111111,0.1111111111111111
5,3,0.3333333333333333,0.4166666666666667
7,1,0.1111111111111111,0.19444444444444445
