Size,Count,Frequency,Fraction of total molecules
2,2,0.5,0.1111111111111111
11,1,0.25,0.3055555555555556
21,1,0.25,0.5833333333333334
