Size,Count,Frequency,Fraction of total molecules
2,2,0.25,0.1111111111111111
3,1,0.125,0.08333333333333333
4,3,0.375,0.3333333333333333
5,1,0.125,0.1388888888888889
12,1,0.125,0.3333333333333333
