Size,Count,Frequency,Fraction of total molecules
1,9,0.45,0.25
2,6,0.3,0.3333333333333333
3,5,0.25,0.4166666666666667
