Size,Count,Frequency,Fraction of total molecules
1,1,0.1111111111111111,0.027777777777777776
2,2,0.2222222222222222,0.1111111111111111
5,5,0.5555555555555556,0.6944444444444444
6,1,0.1111111111111111,0.16666666666666666
