Size,Count,Frequency,Fraction of total molecules
1,2,0.2222222222222222,0.05555555555555555
2,2,0.2222222222222222,0.1111111111111111
4,2,0.2222222222222222,0.2222222222222222
6,1,0.1111111111111111,0.16666666666666666
7,1,0.1111111111111111,0.19444444444444445
9,1,0.1111111111111111,0.25
