Size,Count,Frequency,Fraction of total molecules
1,1,0.1111111111111111,0.027777777777777776
2,4,0.4444444444444444,0.2222222222222222
3,1,0.1111111111111111,0.08333333333333333
7,1,0.1111111111111111,0.19444444444444445
8,1,0.1111111111111111,0.2222222222222222
9,1,0.1111111111111111,0.25
