Size,Count,Frequency,Fraction of total molecules
2,1,0.2,0.05555555555555555
5,2,0.4,0.2777777777777778
8,1,0.2,0.2222222222222222
16,1,0.2,0.4444444444444444
