Size,Count,Frequency,Fraction of total molecules
1,2,0.2,0.05555555555555555
2,3,0.3,0.16666666666666666
3,1,0.1,0.08333333333333333
4,2,0.2,0.2222222222222222
5,1,0.1,0.1388888888888889
12,1,0.1,0.3333333333333333
