Size,Count,Frequency,Fraction of total molecules
1,2,0.2222222222222222,0.05555555555555555
2,2,0.2222222222222222,0.1111111111111111
3,1,0.1111111111111111,0.08333333333333333
4,1,0.1111111111111111,0.1111111111111111
5,1,0.1111111111111111,0.1388888888888889
7,1,0.1111111111111111,0.19444444444444445
11,1,0.1111111111111111,0.3055555555555556
