Size,Count,Frequency,Fraction of total molecules
1,4,0.26666666666666666,0.1111111111111111
2,6,0.4,0.3333333333333333
3,4,0.26666666666666666,0.3333333333333333
8,1,0.06666666666666667,0.2222222222222222
