Size,Count,Frequency,Fraction of total molecules
2,2,0.25,0.1111111111111111
4,4,0.5,0.4444444444444444
5,1,0.125,0.1388888888888889
11,1,0.125,0.3055555555555556
