Size,Count,Frequency,Fraction of total molecules
1,1,0.09090909090909091,0.027777777777777776
2,5,0.45454545454545453,0.2777777777777778
3,1,0.09090909090909091,0.08333333333333333
4,1,0.09090909090909091,0.1111111111111111
5,1,0.09090909090909091,0.1388888888888889
6,1,0.09090909090909091,0.16666666666666666
7,1,0.09090909090909091,0.19444444444444445
