Size,Count,Frequency,Fraction of total molecules
2,1,0.14285714285714285,0.05555555555555555
4,2,0.2857142857142857,0.2222222222222222
5,3,0.42857142857142855,0.4166666666666667
11,1,0.14285714285714285,0.3055555555555556
