Size,Count,Frequency,Fraction of total molecules
1,1,0.1111111111111111,0.027777777777777776
2,5,0.5555555555555556,0.2777777777777778
3,1,0.1111111111111111,0.08333333333333333
5,1,0.1111111111111111,0.1388888888888889
17,1,0.1111111111111111,0.4722222222222222
