Size,Count,Frequency,Fraction of total molecules
4,1,0.3333333333333333,0.1111111111111111
6,1,0.3333333333333333,0.16666666666666666
26,1,0.3333333333333333,0.7222222222222222
