Size,Count,Frequency,Fraction of total molecules
1,5,0.4166666666666667,0.1388888888888889
2,2,0.16666666666666666,0.1111111111111111
3,2,0.16666666666666666,0.16666666666666666
4,1,0.08333333333333333,0.1111111111111111
5,1,0.08333333333333333,0.1388888888888889
12,1,0.08333333333333333,0.3333333333333333
