Size,Count,Frequency,Fraction of total molecules
1,1,0.125,0.027777777777777776
2,1,0.125,0.05555555555555555
3,1,0.125,0.08333333333333333
4,1,0.125,0.1111111111111111
5,1,0.125,0.1388888888888889
6,2,0.25,0.3333333333333333
9,1,0.125,0.25
