Size,Count,Frequency,Fraction of total molecules
2,3,0.42857142857142855,0.16666666666666666
5,2,0.2857142857142857,0.2777777777777778
8,1,0.14285714285714285,0.2222222222222222
12,1,0.14285714285714285,0.3333333333333333
