Size,Count,Frequency,Fraction of total molecules
2,2,0.2,0.1111111111111111
3,3,0.3,0.25
4,3,0.3,0.3333333333333333
5,1,0.1,0.1388888888888889
6,1,0.1,0.16666666666666666
