Size,Count,Frequency,Fraction of total molecules
1,1,0.14285714285714285,0.027777777777777776
2,1,0.14285714285714285,0.05555555555555555
3,1,0.14285714285714285,0.08333333333333333
4,1,0.14285714285714285,0.1111111111111111
5,2,0.2857142857142857,0.2777777777777778
16,1,0.14285714285714285,0.4444444444444444
