Size,Count,Frequency,Fraction of total molecules
1,1,0.14285714285714285,0.027777777777777776
2,2,0.2857142857142857,0.1111111111111111
4,1,0.14285714285714285,0.1111111111111111
5,1,0.14285714285714285,0.1388888888888889
11,2,0.2857142857142857,0.6111111111111112
