Size,Count,Frequency,Fraction of total molecules
1,3,0.3,0.08333333333333333
2,4,0.4,0.2222222222222222
4,2,0.2,0.2222222222222222
17,1,0.1,0.4722222222222222
