Size,Count,Frequency,Fraction of total molecules
1,3,0.2727272727272727,0.08333333333333333
2,5,0.45454545454545453,0.2777777777777778
5,1,0.09090909090909091,0.1388888888888889
9,2,0.18181818181818182,0.5
