Size,Count,Frequency,Fraction of total molecules
1,1,0.1111111111111111,0.027777777777777776
2,1,0.1111111111111111,0.05555555555555555
3,1,0.1111111111111111,0.08333333333333333
4,2,0.2222222222222222,0.2222222222222222
5,3,0.3333333333333333,0.4166666666666667
7,1,0.1111111111111111,0.19444444444444445
