Size,Count,Frequency,Fraction of total molecules
1,3,0.2,0.08333333333333333
2,7,0.4666666666666667,0.3888888888888889
3,2,0.13333333333333333,0.16666666666666666
4,2,0.13333333333333333,0.2222222222222222
5,1,0.06666666666666667,0.1388888888888889
