Size,Count,Frequency,Fraction of total molecules
4,1,0.3333333333333333,0.1111111111111111
12,1,0.3333333333333333,0.3333333333333333
20,1,0.3333333333333333,0.5555555555555556
