Size,Count,Frequency,Fraction of total molecules
1,12,0.5454545454545454,0.3333333333333333
2,6,0.2727272727272727,0.3333333333333333
3,4,0.18181818181818182,0.3333333333333333
