Size,Count,Frequency,Fraction of total molecules
2,2,0.25,0.1111111111111111
3,1,0.125,0.08333333333333333
4,2,0.25,0.2222222222222222
5,1,0.125,0.1388888888888889
6,1,0.125,0.16666666666666666
10,1,0.125,0.2777777777777778
