Size,Count,Frequency,Fraction of total molecules
1,7,0.3888888888888889,0.19444444444444445
2,4,0.2222222222222222,0.2222222222222222
3,7,0.3888888888888889,0.5833333333333334
