Size,Count,Frequency,Fraction of total molecules
1,1,0.09090909090909091,0.027777777777777776
2,5,0.45454545454545453,0.2777777777777778
3,1,0.09090909090909091,0.08333333333333333
4,3,0.2727272727272727,0.3333333333333333
10,1,0.09090909090909091,0.2777777777777778
