Size,Count,Frequency,Fraction of total molecules
2,3,0.375,0.16666666666666666
3,1,0.125,0.08333333333333333
5,1,0.125,0.1388888888888889
6,1,0.125,0.16666666666666666
7,1,0.125,0.19444444444444445
9,1,0.125,0.25
