Size,Count,Frequency,Fraction of total molecules
1,1,0.14285714285714285,0.027777777777777776
2,3,0.42857142857142855,0.16666666666666666
6,1,0.14285714285714285,0.16666666666666666
10,1,0.14285714285714285,0.2777777777777778
13,1,0.14285714285714285,0.3611111111111111
