Size,Count,Frequency,Fraction of total molecules
1,1,0.14285714285714285,0.027777777777777776
2,3,0.42857142857142855,0.16666666666666666
8,1,0.14285714285714285,0.2222222222222222
9,1,0.14285714285714285,0.25
12,1,0.14285714285714285,0.3333333333333333
