Size,Count,Frequency,Fraction of total molecules
1,7,0.3888888888888889,0.19444444444444445
2,5,0.2777777777777778,0.2777777777777778
3,5,0.2777777777777778,0.4166666666666667
4,1,0.05555555555555555,0.1111111111111111
