Size,Count,Frequency,Fraction of total molecules
1,1,0.125,0.027777777777777776
2,1,0.125,0.05555555555555555
3,1,0.125,0.08333333333333333
4,1,0.125,0.1111111111111111
5,1,0.125,0.1388888888888889
6,1,0.125,0.16666666666666666
7,1,0.125,0.19444444444444445
8,1,0.125,0.2222222222222222
