Size,Count,Frequency,Fraction of total molecules
1,2,0.2,0.05555555555555555
2,1,0.1,0.05555555555555555
3,2,0.2,0.16666666666666666
4,1,0.1,0.1111111111111111
5,3,0.3,0.4166666666666667
7,1,0.1,0.19444444444444445
