Size,Count,Frequency,Fraction of total molecules
1,1,0.125,0.027777777777777776
2,2,0.25,0.1111111111111111
3,1,0.125,0.08333333333333333
4,1,0.125,0.1111111111111111
5,1,0.125,0.1388888888888889
8,1,0.125,0.2222222222222222
11,1,0.125,0.3055555555555556
