Size,Count,Frequency,Fraction of total molecules
2,3,0.42857142857142855,0.16666666666666666
3,1,0.14285714285714285,0.08333333333333333
5,1,0.14285714285714285,0.1388888888888889
8,1,0.14285714285714285,0.2222222222222222
14,1,0.14285714285714285,0.3888888888888889
