Size,Count,Frequency,Fraction of total molecules
2,2,0.2857142857142857,0.1111111111111111
3,1,0.14285714285714285,0.08333333333333333
4,1,0.14285714285714285,0.1111111111111111
7,2,0.2857142857142857,0.3888888888888889
11,1,0.14285714285714285,0.3055555555555556
