Size,Count,Frequency,Fraction of total molecules
2,1,0.14285714285714285,0.05555555555555555
3,2,0.2857142857142857,0.16666666666666666
4,1,0.14285714285714285,0.1111111111111111
5,1,0.14285714285714285,0.1388888888888889
8,1,0.14285714285714285,0.2222222222222222
11,1,0.14285714285714285,0.3055555555555556
