Size,Count,Frequency,Fraction of total molecules
2,3,0.42857142857142855,0.16666666666666666
4,1,0.14285714285714285,0.1111111111111111
5,1,0.14285714285714285,0.1388888888888889
7,1,0.14285714285714285,0.19444444444444445
14,1,0.14285714285714285,0.3888888888888889
