Size,Count,Frequency,Fraction of total molecules
2,2,0.3333333333333333,0.1111111111111111
4,1,0.16666666666666666,0.1111111111111111
8,1,0.16666666666666666,0.2222222222222222
9,1,0.16666666666666666,0.25
11,1,0.16666666666666666,0.3055555555555556
