Size,Count,Frequency,Fraction of total molecules
2,1,0.14285714285714285,0.05555555555555555
4,2,0.2857142857142857,0.2222222222222222
5,2,0.2857142857142857,0.2777777777777778
7,1,0.14285714285714285,0.19444444444444445
9,1,0.14285714285714285,0.25
