Size,Count,Frequency,Fraction of total molecules
2,3,0.6,0.16666666666666666
14,1,0.2,0.3888888888888889
16,1,0.2,0.4444444444444444
