Size,Count,Frequency,Fraction of total molecules
1,1,0.16666666666666666,0.027777777777777776
4,1,0.16666666666666666,0.1111111111111111
5,1,0.16666666666666666,0.1388888888888889
6,1,0.16666666666666666,0.16666666666666666
7,1,0.16666666666666666,0.19444444444444445
13,1,0.16666666666666666,0.3611111111111111
