Size,Count,Frequency,Fraction of total molecules
1,2,0.16666666666666666,0.05555555555555555
2,5,0.4166666666666667,0.2777777777777778
3,1,0.08333333333333333,0.08333333333333333
4,2,0.16666666666666666,0.2222222222222222
5,1,0.08333333333333333,0.1388888888888889
8,1,0.08333333333333333,0.2222222222222222
