Size,Count,Frequency,Fraction of total molecules
1,1,0.08333333333333333,0.027777777777777776
2,7,0.5833333333333334,0.3888888888888889
3,1,0.08333333333333333,0.08333333333333333
4,1,0.08333333333333333,0.1111111111111111
5,1,0.08333333333333333,0.1388888888888889
9,1,0.08333333333333333,0.25
