Size,Count,Frequency,Fraction of total molecules
2,2,0.2857142857142857,0.1111111111111111
4,1,0.14285714285714285,0.1111111111111111
6,1,0.14285714285714285,0.16666666666666666
7,2,0.2857142857142857,0.3888888888888889
8,1,0.14285714285714285,0.2222222222222222
