Size,Count,Frequency,Fraction of total molecules
2,2,0.3333333333333333,0.1111111111111111
3,1,0.16666666666666666,0.08333333333333333
5,1,0.16666666666666666,0.1388888888888889
7,1,0.16666666666666666,0.19444444444444445
17,1,0.16666666666666666,0.4722222222222222
