Size,Count,Frequency,Fraction of total molecules
1,2,0.18181818181818182,0.05555555555555555
2,5,0.45454545454545453,0.2777777777777778
5,3,0.2727272727272727,0.4166666666666667
9,1,0.09090909090909091,0.25
