Size,Count,Frequency,Fraction of total molecules
1,2,0.25,0.05555555555555555
2,2,0.25,0.1111111111111111
4,1,0.125,0.1111111111111111
5,1,0.125,0.1388888888888889
9,1,0.125,0.25
12,1,0.125,0.3333333333333333
