Size,Count,Frequency,Fraction of total molecules
1,1,0.1111111111111111,0.027777777777777776
2,6,0.6666666666666666,0.3333333333333333
9,1,0.1111111111111111,0.25
14,1,0.1111111111111111,0.3888888888888889
