Size,Count,Frequency,Fraction of total molecules
1,4,0.3076923076923077,0.1111111111111111
2,4,0.3076923076923077,0.2222222222222222
3,1,0.07692307692307693,0.08333333333333333
4,1,0.07692307692307693,0.1111111111111111
5,2,0.15384615384615385,0.2777777777777778
7,1,0.07692307692307693,0.19444444444444445
