Size,Count,Frequency,Fraction of total molecules
2,1,0.125,0.05555555555555555
3,1,0.125,0.08333333333333333
4,2,0.25,0.2222222222222222
5,1,0.125,0.1388888888888889
6,3,0.375,0.5
