Size,Count,Frequency,Fraction of total molecules
1,3,0.23076923076923078,0.08333333333333333
2,5,0.38461538461538464,0.2777777777777778
4,2,0.15384615384615385,0.2222222222222222
5,3,0.23076923076923078,0.4166666666666667
