Index, Times (s), Average (s), St Dev (s)
0, 54.062, 57.236999999999995, 4.490128060534578
1, 60.412
