Size,Frequency,Fraction of total molecules
1,0.25138056388056385,0.07407407407407407
2,0.2538873163873164,0.16666666666666666
3,0.16148758648758646,0.13888888888888887
4,0.17755901505901506,0.2037037037037037
5,0.06936396936396937,0.11574074074074074
7,0.015151515151515152,0.032407407407407406
10,0.015151515151515152,0.0462962962962963
15,0.020833333333333332,0.06944444444444445
16,0.016666666666666666,0.07407407407407407
17,0.018518518518518517,0.0787037037037037
