Size,Frequency,Fraction of total molecules
1,0.2511904761904762,0.0925925925925926
2,0.27460317460317457,0.1851851851851852
3,0.2115079365079365,0.2083333333333333
4,0.10820105820105819,0.14814814814814817
5,0.05277777777777778,0.0925925925925926
6,0.024999999999999998,0.05555555555555555
7,0.018518518518518517,0.032407407407407406
9,0.025793650793650796,0.08333333333333333
10,0.018518518518518517,0.0462962962962963
12,0.013888888888888888,0.05555555555555555
