Size,Frequency,Fraction of total molecules
1,0.1287037037037037,0.02777777777777778
2,0.3001984126984127,0.12962962962962962
3,0.05899470899470899,0.041666666666666664
4,0.19113756613756616,0.16666666666666666
5,0.08214285714285714,0.0925925925925926
7,0.06547619047619048,0.09722222222222222
8,0.020833333333333332,0.037037037037037035
9,0.05601851851851852,0.125
11,0.044642857142857144,0.10185185185185186
12,0.018518518518518517,0.05555555555555555
27,0.03333333333333333,0.125
