Size,Frequency,Fraction of total molecules
1,0.19140211640211638,0.0462962962962963
2,0.22195767195767194,0.10185185185185186
3,0.07936507936507936,0.05555555555555555
4,0.1855820105820106,0.18518518518518515
5,0.08611111111111112,0.11574074074074074
6,0.041666666666666664,0.05555555555555555
9,0.05555555555555555,0.08333333333333333
11,0.08280423280423281,0.20370370370370372
15,0.027777777777777776,0.06944444444444445
18,0.027777777777777776,0.08333333333333333
