Size,Frequency,Fraction of total molecules
1,0.28543123543123544,0.08333333333333333
2,0.20619010619010622,0.12962962962962962
3,0.09245014245014245,0.08333333333333333
4,0.1692437192437192,0.2037037037037037
5,0.04649054649054649,0.06944444444444445
6,0.032407407407407406,0.05555555555555555
7,0.06837606837606837,0.12962962962962962
8,0.049074074074074076,0.1111111111111111
9,0.03181818181818182,0.08333333333333333
11,0.018518518518518517,0.05092592592592593
