Size,Frequency,Fraction of total molecules
1,0.16567460317460317,0.032407407407407406
2,0.22123015873015872,0.0925925925925926
3,0.10714285714285714,0.06944444444444443
4,0.0625,0.05555555555555555
5,0.16964285714285712,0.1851851851851852
6,0.06944444444444443,0.08333333333333333
7,0.020833333333333332,0.032407407407407406
8,0.041666666666666664,0.07407407407407407
11,0.0625,0.1527777777777778
13,0.05555555555555555,0.12037037037037036
22,0.023809523809523808,0.10185185185185186
