Size,Frequency,Fraction of total molecules
1,0.08888888888888889,0.02314814814814815
2,0.29212962962962963,0.1481481481481481
3,0.0537037037037037,0.041666666666666664
4,0.1986111111111111,0.20370370370370372
5,0.20138888888888887,0.25462962962962965
6,0.05555555555555555,0.08333333333333333
7,0.03333333333333333,0.06481481481481481
9,0.037037037037037035,0.08333333333333333
10,0.018518518518518517,0.0462962962962963
11,0.020833333333333332,0.05092592592592593
