Size,Frequency,Fraction of total molecules
1,0.16940235690235692,0.041666666666666664
2,0.23863636363636362,0.11111111111111112
4,0.19234006734006734,0.1851851851851852
5,0.14246632996632996,0.162037037037037
6,0.020833333333333332,0.027777777777777776
7,0.06376262626262626,0.09722222222222222
8,0.03598484848484849,0.07407407407407407
10,0.048611111111111105,0.0925925925925926
11,0.06712962962962964,0.1527777777777778
12,0.020833333333333332,0.05555555555555555
