Size,Frequency,Fraction of total molecules
1,0.1898148148148148,0.04629629629629629
2,0.3088624338624339,0.13888888888888887
3,0.06316137566137565,0.041666666666666664
4,0.10548941798941798,0.0925925925925926
5,0.12169312169312169,0.1388888888888889
9,0.06613756613756613,0.125
11,0.044642857142857144,0.10185185185185186
12,0.06316137566137565,0.16666666666666666
15,0.018518518518518517,0.06944444444444445
17,0.018518518518518517,0.0787037037037037
