Size,Frequency,Fraction of total molecules
1,0.163510101010101,0.041666666666666664
2,0.2568241943241943,0.12037037037037036
3,0.06613756613756613,0.041666666666666664
4,0.11495911495911497,0.11111111111111112
5,0.1509439634439634,0.1851851851851852
6,0.08128908128908129,0.1111111111111111
7,0.037037037037037035,0.06481481481481481
9,0.06084656084656084,0.125
10,0.023809523809523808,0.0462962962962963
11,0.023809523809523808,0.05092592592592593
22,0.020833333333333332,0.10185185185185186
