Size,Frequency,Fraction of total molecules
1,0.2191919191919192,0.06944444444444445
2,0.2828282828282828,0.17592592592592593
3,0.11792929292929294,0.11111111111111112
4,0.1664141414141414,0.20370370370370372
5,0.09292929292929293,0.13888888888888887
6,0.030555555555555558,0.05555555555555555
7,0.016666666666666666,0.032407407407407406
8,0.013888888888888888,0.037037037037037035
9,0.030555555555555558,0.08333333333333333
10,0.029040404040404044,0.0925925925925926
