Size,Frequency,Fraction of total molecules
1,0.14715608465608465,0.037037037037037035
2,0.3158068783068783,0.14814814814814817
3,0.020833333333333332,0.013888888888888888
4,0.1402116402116402,0.12962962962962962
5,0.14649470899470898,0.1851851851851852
6,0.053240740740740734,0.08333333333333333
8,0.023809523809523808,0.037037037037037035
9,0.041666666666666664,0.08333333333333333
11,0.08697089947089946,0.20370370370370372
17,0.023809523809523808,0.0787037037037037
