Size,Frequency,Fraction of total molecules
1,0.16509740259740258,0.041666666666666664
2,0.2838143338143338,0.13888888888888887
3,0.016666666666666666,0.013888888888888888
4,0.15325877825877823,0.14814814814814814
5,0.18849807599807597,0.23148148148148148
6,0.07268518518518519,0.1111111111111111
8,0.018518518518518517,0.037037037037037035
10,0.03598484848484849,0.0925925925925926
11,0.041666666666666664,0.10185185185185186
18,0.023809523809523808,0.08333333333333333
