Size,Frequency,Fraction of total molecules
1,0.19023569023569023,0.060185185185185175
2,0.23779461279461278,0.14814814814814817
3,0.09048821548821549,0.08333333333333333
4,0.21801346801346802,0.27777777777777773
5,0.1835016835016835,0.2777777777777778
6,0.04755892255892256,0.08333333333333333
7,0.013888888888888888,0.032407407407407406
8,0.018518518518518517,0.037037037037037035
