Size,Frequency,Fraction of total molecules
1,0.15298821548821548,0.041666666666666664
2,0.18644781144781145,0.0925925925925926
3,0.1228956228956229,0.09722222222222221
4,0.1994949494949495,0.20370370370370372
5,0.1992845117845118,0.2546296296296296
6,0.06018518518518518,0.08333333333333333
7,0.032407407407407406,0.06481481481481481
13,0.018518518518518517,0.06018518518518518
22,0.027777777777777776,0.10185185185185186
