Size,Frequency,Fraction of total molecules
1,0.21635401635401638,0.06481481481481481
2,0.304978354978355,0.1851851851851852
3,0.14300144300144302,0.125
4,0.19194324194324194,0.2407407407407407
5,0.0582010582010582,0.0925925925925926
6,0.016666666666666666,0.027777777777777776
10,0.016666666666666666,0.0462962962962963
13,0.015151515151515152,0.06018518518518518
15,0.018518518518518517,0.06944444444444445
19,0.018518518518518517,0.08796296296296297
