Size,Frequency,Fraction of total molecules
1,0.12777777777777777,0.032407407407407406
2,0.2128968253968254,0.10185185185185185
3,0.21038359788359787,0.15277777777777776
4,0.11455026455026453,0.11111111111111112
5,0.11501322751322751,0.13888888888888887
6,0.083994708994709,0.1111111111111111
8,0.0375,0.07407407407407407
10,0.05555555555555555,0.1388888888888889
14,0.023809523809523808,0.06481481481481481
16,0.018518518518518517,0.07407407407407407
