Size,Frequency,Fraction of total molecules
1,0.37033146591970123,0.17129629629629628
2,0.28562675070028015,0.25925925925925924
3,0.19728446934329288,0.27777777777777785
4,0.08095043572984749,0.14814814814814814
5,0.053902116402116396,0.11574074074074074
6,0.011904761904761904,0.027777777777777776
