Size,Frequency,Fraction of total molecules
1,0.19212962962962965,0.0462962962962963
2,0.22407407407407406,0.10185185185185186
3,0.07222222222222223,0.05555555555555555
4,0.17314814814814813,0.16666666666666666
5,0.09583333333333333,0.11574074074074074
6,0.08194444444444444,0.1111111111111111
7,0.03935185185185185,0.06481481481481481
9,0.05185185185185185,0.125
11,0.020833333333333332,0.05092592592592593
14,0.020833333333333332,0.06481481481481481
21,0.027777777777777776,0.09722222222222222
