Size,Frequency,Fraction of total molecules
1,0.10227272727272728,0.027777777777777776
2,0.3137987012987013,0.15740740740740738
3,0.07943722943722943,0.05555555555555555
4,0.23235930735930732,0.22222222222222224
5,0.17337662337662338,0.23148148148148148
6,0.015151515151515152,0.027777777777777776
8,0.015151515151515152,0.037037037037037035
16,0.047619047619047616,0.14814814814814814
20,0.020833333333333332,0.0925925925925926
