Size,Frequency,Fraction of total molecules
1,0.13863960113960114,0.041666666666666664
2,0.23767806267806266,0.12037037037037039
3,0.10185185185185186,0.06944444444444443
4,0.23447293447293446,0.2592592592592593
5,0.09583333333333333,0.11574074074074074
6,0.06018518518518518,0.08333333333333333
7,0.05032051282051283,0.09722222222222222
9,0.041666666666666664,0.08333333333333333
13,0.018518518518518517,0.06018518518518518
15,0.020833333333333332,0.06944444444444445
