Size,Frequency,Fraction of total molecules
1,0.2300925925925926,0.05092592592592593
2,0.2634259259259259,0.12037037037037036
3,0.07685185185185185,0.05555555555555555
4,0.13055555555555556,0.12962962962962962
5,0.07685185185185185,0.0925925925925926
6,0.020833333333333332,0.027777777777777776
9,0.041666666666666664,0.08333333333333333
11,0.05185185185185185,0.10185185185185186
13,0.07453703703703704,0.24074074074074073
21,0.03333333333333333,0.09722222222222222
