Size,Frequency,Fraction of total molecules
1,0.13468013468013468,0.041666666666666664
2,0.18380230880230877,0.0925925925925926
3,0.14339826839826839,0.09722222222222221
4,0.17388167388167386,0.16666666666666666
5,0.10443722943722944,0.11574074074074074
6,0.08525733525733525,0.1111111111111111
7,0.027777777777777776,0.032407407407407406
9,0.06277056277056277,0.125
10,0.013888888888888888,0.0462962962962963
11,0.0462962962962963,0.10185185185185186
15,0.023809523809523808,0.06944444444444445
