Size,Frequency,Fraction of total molecules
1,0.18304195804195808,0.06018518518518518
2,0.30370046620046626,0.18518518518518515
3,0.1293803418803419,0.12499999999999999
4,0.17098873348873347,0.2222222222222222
5,0.09602758352758352,0.13888888888888887
7,0.046153846153846156,0.09722222222222222
8,0.013888888888888888,0.037037037037037035
9,0.041666666666666664,0.08333333333333333
11,0.015151515151515152,0.05092592592592593
