Size,Frequency,Fraction of total molecules
1,0.17811447811447811,0.05092592592592593
2,0.22356902356902356,0.12962962962962962
3,0.1256734006734007,0.1111111111111111
4,0.16607744107744107,0.1851851851851852
5,0.12255892255892258,0.16203703703703706
6,0.0654882154882155,0.1111111111111111
7,0.030555555555555558,0.06481481481481481
8,0.032407407407407406,0.07407407407407407
12,0.05555555555555555,0.1111111111111111
