Size,Frequency,Fraction of total molecules
1,0.17195767195767195,0.041666666666666664
2,0.17724867724867724,0.08333333333333333
3,0.09788359788359786,0.06944444444444443
4,0.14814814814814814,0.14814814814814814
5,0.12962962962962962,0.16203703703703703
6,0.0925925925925926,0.13888888888888887
7,0.05555555555555555,0.09722222222222222
9,0.08465608465608465,0.16666666666666666
10,0.042328042328042326,0.0925925925925926
