Size,Frequency,Fraction of total molecules
1,0.1654882154882155,0.041666666666666664
2,0.17263107263107266,0.08333333333333333
3,0.07792207792207792,0.05555555555555555
4,0.18751803751803753,0.1851851851851852
5,0.19603174603174603,0.23148148148148148
6,0.08400673400673402,0.13888888888888887
7,0.018518518518518517,0.032407407407407406
9,0.027777777777777776,0.041666666666666664
11,0.018518518518518517,0.05092592592592593
15,0.05158730158730159,0.1388888888888889
