Size,Frequency,Fraction of total molecules
1,0.10757575757575756,0.032407407407407406
2,0.21007696007696008,0.10185185185185186
3,0.08552188552188551,0.05555555555555555
4,0.2233044733044733,0.2222222222222222
5,0.1967772967772968,0.23148148148148148
6,0.10293410293410292,0.16666666666666666
7,0.016666666666666666,0.032407407407407406
12,0.023809523809523808,0.05555555555555555
22,0.03333333333333333,0.10185185185185186
