Size,Frequency,Fraction of total molecules
1,0.12415824915824915,0.032407407407407406
2,0.20867003367003367,0.10185185185185186
3,0.1662878787878788,0.125
4,0.20067340067340067,0.20370370370370372
5,0.12870370370370368,0.16203703703703706
6,0.03367003367003367,0.05555555555555555
7,0.020833333333333332,0.032407407407407406
8,0.054503367003367,0.1111111111111111
9,0.020833333333333332,0.041666666666666664
12,0.020833333333333332,0.05555555555555555
17,0.020833333333333332,0.0787037037037037
