Size,Frequency,Fraction of total molecules
1,0.14768518518518517,0.03703703703703704
2,0.22936507936507936,0.10185185185185185
3,0.023809523809523808,0.013888888888888888
4,0.17632275132275133,0.14814814814814817
5,0.14834656084656084,0.162037037037037
6,0.020833333333333332,0.027777777777777776
7,0.044642857142857144,0.06481481481481481
8,0.020833333333333332,0.037037037037037035
9,0.0625,0.125
11,0.07566137566137567,0.1527777777777778
14,0.05000000000000001,0.12962962962962962
