Size,Frequency,Fraction of total molecules
1,0.1891025641025641,0.06944444444444443
2,0.28369963369963375,0.1851851851851852
3,0.21109076109076108,0.20833333333333334
4,0.147995522995523,0.20370370370370372
5,0.08769841269841268,0.13888888888888887
7,0.03518518518518519,0.06481481481481481
8,0.013888888888888888,0.037037037037037035
9,0.018518518518518517,0.041666666666666664
11,0.012820512820512822,0.05092592592592593
