Size,Frequency,Fraction of total molecules
1,0.18632154882154883,0.05555555555555556
2,0.21721380471380472,0.12962962962962962
3,0.08796296296296295,0.06944444444444443
4,0.2000841750841751,0.24074074074074073
5,0.1353956228956229,0.1851851851851852
6,0.08505892255892256,0.13888888888888887
7,0.03472222222222222,0.06481481481481481
8,0.032407407407407406,0.07407407407407407
9,0.020833333333333332,0.041666666666666664
