Size,Frequency,Fraction of total molecules
1,0.27824074074074073,0.06481481481481481
2,0.1324074074074074,0.06481481481481481
3,0.10787037037037038,0.08333333333333333
4,0.15648148148148147,0.14814814814814817
5,0.1037037037037037,0.1388888888888889
6,0.06527777777777777,0.08333333333333333
8,0.03518518518518519,0.07407407407407407
9,0.0537037037037037,0.125
10,0.018518518518518517,0.0462962962962963
14,0.020833333333333332,0.06481481481481481
23,0.027777777777777776,0.10648148148148147
