Size,Frequency,Fraction of total molecules
1,0.12453703703703704,0.02777777777777778
2,0.28611111111111115,0.12962962962962965
3,0.09305555555555556,0.06944444444444443
4,0.2171296296296296,0.20370370370370372
5,0.11342592592592593,0.13888888888888887
6,0.037037037037037035,0.05555555555555555
9,0.03935185185185185,0.08333333333333333
10,0.020833333333333332,0.0462962962962963
11,0.018518518518518517,0.05092592592592593
15,0.016666666666666666,0.06944444444444445
27,0.03333333333333333,0.125
