Size,Frequency,Fraction of total molecules
1,0.2203703703703704,0.06018518518518518
2,0.20925925925925926,0.1111111111111111
3,0.06851851851851852,0.05555555555555555
4,0.2222222222222222,0.24074074074074078
5,0.14074074074074072,0.1851851851851852
6,0.05185185185185185,0.08333333333333333
7,0.018518518518518517,0.032407407407407406
9,0.016666666666666666,0.041666666666666664
12,0.03518518518518519,0.1111111111111111
17,0.016666666666666666,0.0787037037037037
