Size,Frequency,Fraction of total molecules
1,0.234006734006734,0.05555555555555556
2,0.17659932659932662,0.09259259259259257
3,0.09882154882154882,0.08333333333333333
4,0.201010101010101,0.22222222222222218
5,0.11666666666666665,0.16203703703703706
6,0.06548821548821548,0.1111111111111111
7,0.044444444444444446,0.06481481481481481
10,0.016666666666666666,0.0462962962962963
11,0.018518518518518517,0.05092592592592593
24,0.027777777777777776,0.1111111111111111
