Size,Frequency,Fraction of total molecules
1,0.06084656084656084,0.013888888888888888
2,0.296494708994709,0.12962962962962962
3,0.10251322751322751,0.06944444444444443
4,0.17129629629629628,0.16666666666666666
5,0.14834656084656084,0.1388888888888889
6,0.044642857142857144,0.05555555555555555
9,0.08167989417989417,0.16666666666666666
10,0.042328042328042326,0.0925925925925926
14,0.018518518518518517,0.06481481481481481
22,0.03333333333333333,0.10185185185185186
