Size,Frequency,Fraction of total molecules
1,0.2762681762681763,0.09722222222222221
2,0.29628149628149625,0.20370370370370372
3,0.18287823287823288,0.18055555555555555
4,0.06289266289266289,0.0925925925925926
5,0.08372183372183373,0.13888888888888887
6,0.02393162393162393,0.05555555555555555
8,0.027056277056277056,0.07407407407407407
10,0.015151515151515152,0.0462962962962963
12,0.03181818181818182,0.1111111111111111
