Size,Frequency,Fraction of total molecules
1,0.0984848484848485,0.02314814814814815
2,0.31529581529581524,0.14814814814814814
3,0.057479557479557485,0.041666666666666664
4,0.17700817700817703,0.1851851851851852
5,0.13744588744588745,0.16203703703703706
6,0.05555555555555555,0.08333333333333333
9,0.042328042328042326,0.08333333333333333
11,0.0886243386243386,0.20370370370370372
15,0.027777777777777776,0.06944444444444445
