Size,Frequency,Fraction of total molecules
1,0.08367003367003367,0.02314814814814815
2,0.2244949494949495,0.11111111111111112
3,0.1507996632996633,0.11111111111111112
4,0.24221380471380471,0.25925925925925924
5,0.11944444444444445,0.1388888888888889
6,0.05113636363636364,0.08333333333333333
8,0.016666666666666666,0.037037037037037035
9,0.0837962962962963,0.16666666666666666
15,0.027777777777777776,0.06944444444444445
