Size,Frequency,Fraction of total molecules
1,0.2150974025974026,0.05555555555555556
2,0.18890692640692638,0.0925925925925926
3,0.08214285714285714,0.05555555555555555
4,0.21093073593073594,0.2222222222222222
5,0.12765151515151515,0.16203703703703706
6,0.023809523809523808,0.027777777777777776
7,0.09166666666666667,0.16203703703703706
10,0.015151515151515152,0.0462962962962963
18,0.023809523809523808,0.08333333333333333
20,0.020833333333333332,0.0925925925925926
