Size,Frequency,Fraction of total molecules
1,0.16271043771043772,0.041666666666666664
2,0.23076599326599323,0.11111111111111112
3,0.07765151515151515,0.05555555555555555
4,0.15875420875420873,0.16666666666666666
5,0.20635521885521882,0.2546296296296296
6,0.09663299663299663,0.13888888888888887
15,0.018518518518518517,0.06944444444444445
17,0.027777777777777776,0.0787037037037037
18,0.020833333333333332,0.08333333333333333
