Size,Frequency,Fraction of total molecules
1,0.061447811447811446,0.013888888888888888
2,0.24903799903799903,0.11111111111111112
3,0.15536315536315534,0.09722222222222221
4,0.12481962481962479,0.12962962962962962
5,0.1693121693121693,0.16203703703703706
6,0.07539682539682539,0.08333333333333333
10,0.061447811447811446,0.1388888888888889
12,0.047619047619047616,0.1111111111111111
13,0.027777777777777776,0.06018518518518518
20,0.027777777777777776,0.0925925925925926
