Size,Frequency,Fraction of total molecules
1,0.13472222222222222,0.032407407407407406
2,0.2986111111111111,0.1481481481481481
3,0.08333333333333333,0.06944444444444443
4,0.14305555555555555,0.14814814814814814
5,0.1328703703703704,0.16203703703703703
6,0.05416666666666667,0.08333333333333333
8,0.03518518518518519,0.07407407407407407
9,0.07638888888888888,0.16666666666666666
12,0.020833333333333332,0.05555555555555555
13,0.020833333333333332,0.06018518518518518
