Size,Frequency,Fraction of total molecules
1,0.23863636363636365,0.06018518518518518
2,0.27045454545454545,0.13888888888888887
3,0.06931818181818182,0.05555555555555555
4,0.1746212121212121,0.1851851851851852
5,0.05265151515151515,0.06944444444444445
6,0.0625,0.08333333333333333
8,0.03598484848484849,0.07407407407407407
11,0.020833333333333332,0.05092592592592593
12,0.016666666666666666,0.05555555555555555
16,0.0375,0.14814814814814814
17,0.020833333333333332,0.0787037037037037
