Size,Frequency,Fraction of total molecules
1,0.2760295260295261,0.10648148148148147
2,0.2290820290820291,0.17592592592592593
3,0.319030969030969,0.3611111111111111
4,0.06277056277056277,0.0925925925925926
5,0.046031746031746035,0.0925925925925926
6,0.015151515151515152,0.027777777777777776
7,0.025641025641025644,0.06481481481481481
8,0.015151515151515152,0.037037037037037035
9,0.011111111111111112,0.041666666666666664
