Size,Frequency,Fraction of total molecules
1,0.13657407407407407,0.032407407407407406
2,0.24305555555555555,0.1111111111111111
3,0.10185185185185186,0.06944444444444443
4,0.1574074074074074,0.14814814814814817
5,0.12268518518518519,0.1388888888888889
6,0.018518518518518517,0.027777777777777776
7,0.05787037037037037,0.09722222222222222
9,0.05787037037037037,0.125
10,0.041666666666666664,0.0925925925925926
11,0.041666666666666664,0.10185185185185186
12,0.020833333333333332,0.05555555555555555
