Size,Frequency,Fraction of total molecules
1,0.14087301587301584,0.032407407407407406
2,0.27843915343915343,0.1388888888888889
3,0.14087301587301584,0.09722222222222221
4,0.11706349206349205,0.1111111111111111
5,0.06547619047619048,0.06944444444444445
6,0.06084656084656084,0.08333333333333333
8,0.042328042328042326,0.07407407407407407
9,0.06018518518518518,0.125
11,0.042328042328042326,0.10185185185185186
16,0.027777777777777776,0.07407407407407407
20,0.023809523809523808,0.0925925925925926
