Size,Frequency,Fraction of total molecules
1,0.12310606060606061,0.03240740740740741
2,0.2680976430976431,0.13888888888888887
3,0.1275252525252525,0.09722222222222221
4,0.1994949494949495,0.20370370370370372
5,0.09280303030303032,0.11574074074074074
6,0.03598484848484849,0.05555555555555555
7,0.015151515151515152,0.032407407407407406
8,0.020833333333333332,0.037037037037037035
9,0.05681818181818182,0.125
11,0.03935185185185185,0.10185185185185186
13,0.020833333333333332,0.06018518518518518
