Size,Frequency,Fraction of total molecules
1,0.2658119658119658,0.0925925925925926
2,0.24529914529914532,0.16666666666666666
3,0.3064102564102564,0.3194444444444444
4,0.05897435897435898,0.0925925925925926
5,0.05235042735042735,0.0925925925925926
6,0.013888888888888888,0.027777777777777776
8,0.012820512820512822,0.037037037037037035
9,0.013888888888888888,0.041666666666666664
10,0.013888888888888888,0.0462962962962963
18,0.016666666666666666,0.08333333333333333
