Size,Frequency,Fraction of total molecules
1,0.3908939014202171,0.1898148148148148
2,0.30053084099136734,0.287037037037037
3,0.1924864243943191,0.27777777777777785
4,0.042998120300751876,0.07407407407407407
5,0.05225737956001114,0.11574074074074074
6,0.020833333333333332,0.05555555555555555
