Size,Frequency,Fraction of total molecules
1,0.2587121212121212,0.06944444444444445
2,0.25643939393939397,0.12962962962962962
3,0.015151515151515152,0.013888888888888888
4,0.1787878787878788,0.1851851851851852
5,0.08295454545454546,0.11574074074074074
6,0.0625,0.08333333333333333
8,0.030303030303030304,0.07407407407407407
9,0.041666666666666664,0.08333333333333333
10,0.015151515151515152,0.0462962962962963
11,0.0375,0.10185185185185186
21,0.020833333333333332,0.09722222222222222
