Size,Frequency,Fraction of total molecules
1,0.11390692640692639,0.02777777777777778
2,0.3098845598845599,0.13888888888888892
3,0.1349206349206349,0.08333333333333333
4,0.12824675324675325,0.1111111111111111
5,0.09325396825396826,0.0925925925925926
8,0.03598484848484849,0.07407407407407407
11,0.11138167388167387,0.25462962962962965
13,0.027777777777777776,0.06018518518518518
14,0.020833333333333332,0.06481481481481481
20,0.023809523809523808,0.0925925925925926
