Size,Frequency,Fraction of total molecules
1,0.1328162578162578,0.032407407407407406
2,0.23157166907166907,0.11111111111111109
3,0.08994708994708994,0.05555555555555555
4,0.19167869167869167,0.16666666666666666
5,0.13876863876863876,0.16203703703703703
7,0.023809523809523808,0.032407407407407406
8,0.03598484848484849,0.07407407407407407
9,0.06845238095238095,0.125
11,0.044642857142857144,0.10185185185185186
13,0.018518518518518517,0.06018518518518518
17,0.023809523809523808,0.0787037037037037
