Size,Frequency,Fraction of total molecules
1,0.11157407407407409,0.027777777777777776
2,0.12870370370370368,0.06481481481481481
3,0.11481481481481481,0.06944444444444443
4,0.23379629629629628,0.1851851851851852
5,0.1337962962962963,0.13888888888888887
6,0.11898148148148147,0.16666666666666666
7,0.03935185185185185,0.06481481481481481
9,0.05787037037037037,0.125
14,0.027777777777777776,0.06481481481481481
20,0.03333333333333333,0.0925925925925926
