Size,Frequency,Fraction of total molecules
1,0.20806878306878307,0.05092592592592593
2,0.19900793650793647,0.0925925925925926
3,0.020833333333333332,0.013888888888888888
4,0.11388888888888889,0.11111111111111112
5,0.1971560846560846,0.23148148148148148
6,0.11805555555555554,0.16666666666666666
10,0.10066137566137567,0.23148148148148148
11,0.042328042328042326,0.10185185185185186
