Size,Frequency,Fraction of total molecules
1,0.15782828282828282,0.041666666666666664
2,0.2317520442520442,0.11111111111111112
3,0.11534992784992786,0.08333333333333333
4,0.1740319865319865,0.1851851851851852
5,0.07936507936507936,0.0925925925925926
6,0.083994708994709,0.1111111111111111
9,0.08465608465608465,0.16666666666666666
10,0.018518518518518517,0.0462962962962963
11,0.03367003367003367,0.10185185185185186
13,0.020833333333333332,0.06018518518518518
