Size,Frequency,Fraction of total molecules
1,0.24310411810411814,0.08333333333333333
2,0.20945027195027197,0.13888888888888892
3,0.24985431235431235,0.23611111111111108
4,0.13961732711732713,0.1851851851851852
5,0.08245920745920747,0.11574074074074074
6,0.012820512820512822,0.027777777777777776
9,0.012820512820512822,0.041666666666666664
11,0.020833333333333332,0.05092592592592593
12,0.015151515151515152,0.05555555555555555
14,0.013888888888888888,0.06481481481481481
