Size,Frequency,Fraction of total molecules
1,0.1272727272727273,0.037037037037037035
2,0.2154220779220779,0.10185185185185186
3,0.09015151515151515,0.05555555555555555
4,0.21244588744588744,0.20370370370370372
5,0.10178571428571427,0.11574074074074074
6,0.10265151515151516,0.13888888888888887
7,0.04047619047619048,0.06481481481481481
9,0.0375,0.08333333333333333
11,0.03896103896103896,0.10185185185185186
21,0.03333333333333333,0.09722222222222222
