Size,Frequency,Fraction of total molecules
1,0.5622847522847523,0.34722222222222227
2,0.2648989898989899,0.3148148148148148
3,0.13802789802789803,0.25000000000000006
4,0.017592592592592594,0.037037037037037035
5,0.007936507936507936,0.02314814814814815
6,0.009259259259259259,0.027777777777777776
