Size,Frequency,Fraction of total molecules
1,0.16655982905982905,0.0462962962962963
2,0.22425213675213676,0.12037037037037036
3,0.12147435897435897,0.09722222222222222
4,0.19123931623931625,0.2037037037037037
5,0.17008547008547012,0.23148148148148148
7,0.044444444444444446,0.06481481481481481
8,0.016666666666666666,0.037037037037037035
10,0.016666666666666666,0.0462962962962963
16,0.020833333333333332,0.07407407407407407
17,0.027777777777777776,0.0787037037037037
