Size,Frequency,Fraction of total molecules
1,0.20623219373219373,0.06018518518518518
2,0.23906695156695157,0.12037037037037039
3,0.12439458689458689,0.09722222222222221
4,0.1798076923076923,0.20370370370370372
5,0.13304843304843303,0.1851851851851852
6,0.03365384615384615,0.05555555555555555
7,0.016666666666666666,0.032407407407407406
14,0.020833333333333332,0.06481481481481481
17,0.018518518518518517,0.0787037037037037
22,0.027777777777777776,0.10185185185185186
