Size,Frequency,Fraction of total molecules
1,0.1550925925925926,0.037037037037037035
2,0.2175925925925926,0.11111111111111112
3,0.06018518518518518,0.041666666666666664
4,0.23842592592592593,0.2407407407407407
5,0.06018518518518518,0.06944444444444445
7,0.125,0.16203703703703703
8,0.03472222222222222,0.07407407407407407
9,0.020833333333333332,0.041666666666666664
11,0.041666666666666664,0.10185185185185186
12,0.027777777777777776,0.05555555555555555
14,0.018518518518518517,0.06481481481481481
