Size,Frequency,Fraction of total molecules
1,0.24444444444444444,0.06018518518518518
2,0.12870370370370374,0.06481481481481483
3,0.13425925925925927,0.09722222222222222
4,0.16712962962962963,0.16666666666666666
5,0.13472222222222222,0.162037037037037
6,0.06018518518518518,0.08333333333333333
7,0.018518518518518517,0.032407407407407406
9,0.05185185185185185,0.125
13,0.020833333333333332,0.06018518518518518
14,0.020833333333333332,0.06481481481481481
18,0.018518518518518517,0.08333333333333333
