Size,Frequency,Fraction of total molecules
1,0.2740675990675991,0.08333333333333333
2,0.2555167055167055,0.15740740740740744
3,0.11579254079254081,0.1111111111111111
4,0.1721639471639472,0.2037037037037037
5,0.05726495726495726,0.0925925925925926
6,0.030555555555555558,0.05555555555555555
8,0.046153846153846156,0.1111111111111111
10,0.016666666666666666,0.0462962962962963
13,0.015151515151515152,0.06018518518518518
17,0.016666666666666666,0.0787037037037037
