Size,Frequency,Fraction of total molecules
1,0.2987686741363212,0.125
2,0.3283671802054155,0.26851851851851855
3,0.1964927637721755,0.23611111111111108
4,0.0681547619047619,0.1111111111111111
5,0.046825396825396826,0.0925925925925926
6,0.025793650793650796,0.05555555555555555
7,0.025793650793650796,0.06481481481481481
10,0.00980392156862745,0.0462962962962963
