Size,Frequency,Fraction of total molecules
1,0.17195767195767195,0.041666666666666664
2,0.23677248677248675,0.12037037037037036
3,0.07473544973544972,0.05555555555555555
4,0.21825396825396826,0.2222222222222222
5,0.053240740740740734,0.06944444444444445
6,0.03472222222222222,0.05555555555555555
7,0.042328042328042326,0.06481481481481481
8,0.044642857142857144,0.07407407407407407
9,0.06018518518518518,0.125
11,0.042328042328042326,0.10185185185185186
15,0.020833333333333332,0.06944444444444445
