Size,Frequency,Fraction of total molecules
1,0.3093635531135531,0.125
2,0.26952838827838826,0.212962962962963
3,0.22406898656898655,0.2638888888888889
4,0.07569444444444444,0.12962962962962962
5,0.08550824175824175,0.16203703703703706
6,0.011904761904761904,0.027777777777777776
8,0.011111111111111112,0.037037037037037035
9,0.012820512820512822,0.041666666666666664
