Size,Frequency,Fraction of total molecules
1,0.3195144724556489,0.13888888888888887
2,0.3311391223155929,0.28703703703703703
3,0.17441643323996267,0.2222222222222222
4,0.07726423902894491,0.12962962962962962
5,0.07675070028011204,0.162037037037037
6,0.00980392156862745,0.027777777777777776
7,0.011111111111111112,0.032407407407407406
