Size,Frequency,Fraction of total molecules
1,0.10259740259740259,0.027777777777777776
2,0.09603174603174602,0.037037037037037035
3,0.18434343434343434,0.125
4,0.18347763347763346,0.14814814814814814
5,0.19458874458874456,0.20833333333333334
6,0.015151515151515152,0.027777777777777776
7,0.03333333333333333,0.032407407407407406
9,0.044444444444444446,0.08333333333333333
11,0.06666666666666667,0.10185185185185186
15,0.07936507936507936,0.20833333333333334
