Size,Frequency,Fraction of total molecules
1,0.1446428571428571,0.03240740740740741
2,0.2573412698412698,0.12037037037037035
3,0.05601851851851852,0.041666666666666664
4,0.1687169312169312,0.16666666666666666
5,0.0375,0.0462962962962963
6,0.06944444444444443,0.08333333333333333
7,0.0701058201058201,0.09722222222222222
9,0.1261243386243386,0.25
11,0.05158730158730159,0.10185185185185186
13,0.018518518518518517,0.06018518518518518
