Size,Frequency,Fraction of total molecules
1,0.3760893246187364,0.18055555555555555
2,0.30439814814814814,0.28703703703703703
3,0.21269063180827888,0.3055555555555555
4,0.07679738562091504,0.14814814814814817
5,0.00980392156862745,0.02314814814814815
6,0.02022058823529412,0.05555555555555555
