Size,Frequency,Fraction of total molecules
1,0.11481481481481481,0.032407407407407406
2,0.31706349206349205,0.1481481481481481
3,0.056216931216931214,0.041666666666666664
4,0.2117724867724868,0.22222222222222224
5,0.10806878306878305,0.1388888888888889
6,0.016666666666666666,0.027777777777777776
9,0.07751322751322752,0.16666666666666666
10,0.027777777777777776,0.0462962962962963
11,0.042328042328042326,0.10185185185185186
16,0.027777777777777776,0.07407407407407407
