Size,Frequency,Fraction of total molecules
1,0.229001554001554,0.06944444444444443
2,0.260936285936286,0.16666666666666666
3,0.09729020979020979,0.08333333333333333
4,0.22084304584304582,0.25925925925925924
5,0.027777777777777776,0.0462962962962963
6,0.08352758352758353,0.13888888888888887
8,0.027972027972027972,0.07407407407407407
11,0.03598484848484849,0.10185185185185186
13,0.016666666666666666,0.06018518518518518
