Size,Frequency,Fraction of total molecules
1,0.28525641025641024,0.11111111111111112
2,0.2543269230769231,0.1851851851851852
3,0.25988247863247865,0.2916666666666667
4,0.08568376068376067,0.12962962962962962
5,0.07772435897435898,0.13888888888888887
8,0.010416666666666666,0.037037037037037035
9,0.012820512820512822,0.041666666666666664
14,0.013888888888888888,0.06481481481481481
