Size,Count,Frequency,Fraction of total molecules
1,15,0.22388059701492538,0.06944444444444445
2,19,0.2835820895522388,0.17592592592592593
3,8,0.11940298507462686,0.1111111111111111
4,11,0.16417910447761194,0.2037037037037037
5,6,0.08955223880597014,0.1388888888888889
6,2,0.029850746268656716,0.05555555555555555
7,1,0.014925373134328358,0.032407407407407406
8,1,0.014925373134328358,0.037037037037037035
9,2,0.029850746268656716,0.08333333333333333
10,2,0.029850746268656716,0.09259259259259259
