Size,Count,Frequency,Fraction of total molecules
1,6,0.13333333333333333,0.027777777777777776
2,4,0.08888888888888889,0.037037037037037035
3,9,0.2,0.125
4,8,0.17777777777777778,0.14814814814814814
5,9,0.2,0.20833333333333334
6,1,0.022222222222222223,0.027777777777777776
7,1,0.022222222222222223,0.032407407407407406
9,2,0.044444444444444446,0.08333333333333333
11,2,0.044444444444444446,0.10185185185185185
15,3,0.06666666666666667,0.20833333333333334
