Size,Count,Frequency,Fraction of total molecules
1,11,0.21568627450980393,0.05092592592592592
2,10,0.19607843137254902,0.09259259259259259
3,1,0.0196078431372549,0.013888888888888888
4,6,0.11764705882352941,0.1111111111111111
5,10,0.19607843137254902,0.23148148148148148
6,6,0.11764705882352941,0.16666666666666666
10,5,0.09803921568627451,0.23148148148148148
11,2,0.0392156862745098,0.10185185185185185
