Size,Count,Frequency,Fraction of total molecules
1,6,0.1276595744680851,0.027777777777777776
2,15,0.3191489361702128,0.1388888888888889
3,6,0.1276595744680851,0.08333333333333333
4,6,0.1276595744680851,0.1111111111111111
5,4,0.0851063829787234,0.09259259259259259
8,2,0.0425531914893617,0.07407407407407407
11,5,0.10638297872340426,0.25462962962962965
13,1,0.02127659574468085,0.06018518518518518
14,1,0.02127659574468085,0.06481481481481481
20,1,0.02127659574468085,0.09259259259259259
