Size,Count,Frequency,Fraction of total molecules
1,10,0.20408163265306123,0.046296296296296294
2,15,0.30612244897959184,0.1388888888888889
3,3,0.061224489795918366,0.041666666666666664
4,5,0.10204081632653061,0.09259259259259259
5,6,0.12244897959183673,0.1388888888888889
9,3,0.061224489795918366,0.125
11,2,0.04081632653061224,0.10185185185185185
12,3,0.061224489795918366,0.16666666666666666
15,1,0.02040816326530612,0.06944444444444445
17,1,0.02040816326530612,0.0787037037037037
