Size,Count,Frequency,Fraction of total molecules
1,9,0.16981132075471697,0.041666666666666664
2,12,0.22641509433962265,0.1111111111111111
3,6,0.11320754716981132,0.08333333333333333
4,10,0.18867924528301888,0.18518518518518517
5,4,0.07547169811320754,0.09259259259259259
6,4,0.07547169811320754,0.1111111111111111
9,4,0.07547169811320754,0.16666666666666666
10,1,0.018867924528301886,0.046296296296296294
11,2,0.03773584905660377,0.10185185185185185
13,1,0.018867924528301886,0.06018518518518518
