Size,Count,Frequency,Fraction of total molecules
1,11,0.18333333333333332,0.05092592592592592
2,14,0.23333333333333334,0.12962962962962962
3,8,0.13333333333333333,0.1111111111111111
4,10,0.16666666666666666,0.18518518518518517
5,7,0.11666666666666667,0.16203703703703703
6,4,0.06666666666666667,0.1111111111111111
7,2,0.03333333333333333,0.06481481481481481
8,2,0.03333333333333333,0.07407407407407407
12,2,0.03333333333333333,0.1111111111111111
