Size,Count,Frequency,Fraction of total molecules
1,11,0.22,0.05092592592592592
2,11,0.22,0.10185185185185185
4,8,0.16,0.14814814814814814
5,9,0.18,0.20833333333333334
6,2,0.04,0.05555555555555555
7,1,0.02,0.032407407407407406
8,2,0.04,0.07407407407407407
9,1,0.02,0.041666666666666664
11,1,0.02,0.05092592592592592
12,3,0.06,0.16666666666666666
15,1,0.02,0.06944444444444445
