Size,Count,Frequency,Fraction of total molecules
1,6,0.12,0.027777777777777776
2,14,0.28,0.12962962962962962
3,5,0.1,0.06944444444444445
4,11,0.22,0.2037037037037037
5,6,0.12,0.1388888888888889
6,2,0.04,0.05555555555555555
9,2,0.04,0.08333333333333333
10,1,0.02,0.046296296296296294
11,1,0.02,0.05092592592592592
15,1,0.02,0.06944444444444445
27,1,0.02,0.125
