Size,Count,Frequency,Fraction of total molecules
1,8,0.1568627450980392,0.037037037037037035
2,11,0.21568627450980393,0.10185185185185185
3,4,0.0784313725490196,0.05555555555555555
4,11,0.21568627450980393,0.2037037037037037
5,5,0.09803921568627451,0.11574074074074074
6,5,0.09803921568627451,0.1388888888888889
7,2,0.0392156862745098,0.06481481481481481
9,2,0.0392156862745098,0.08333333333333333
11,2,0.0392156862745098,0.10185185185185185
21,1,0.0196078431372549,0.09722222222222222
