Size,Count,Frequency,Fraction of total molecules
1,11,0.22,0.05092592592592592
2,8,0.16,0.07407407407407407
3,3,0.06,0.041666666666666664
4,13,0.26,0.24074074074074073
5,5,0.1,0.11574074074074074
6,1,0.02,0.027777777777777776
8,1,0.02,0.037037037037037035
9,1,0.02,0.041666666666666664
10,2,0.04,0.09259259259259259
11,4,0.08,0.2037037037037037
16,1,0.02,0.07407407407407407
