Size,Count,Frequency,Fraction of total molecules
1,9,0.16071428571428573,0.041666666666666664
2,13,0.23214285714285715,0.12037037037037036
3,5,0.08928571428571429,0.06944444444444445
4,14,0.25,0.25925925925925924
5,5,0.08928571428571429,0.11574074074074074
6,3,0.05357142857142857,0.08333333333333333
7,3,0.05357142857142857,0.09722222222222222
9,2,0.03571428571428571,0.08333333333333333
13,1,0.017857142857142856,0.06018518518518518
15,1,0.017857142857142856,0.06944444444444445
