Size,Count,Frequency,Fraction of total molecules
1,8,0.16,0.037037037037037035
2,12,0.24,0.1111111111111111
3,3,0.06,0.041666666666666664
4,10,0.2,0.18518518518518517
5,5,0.1,0.11574074074074074
6,2,0.04,0.05555555555555555
7,2,0.04,0.06481481481481481
8,1,0.02,0.037037037037037035
9,2,0.04,0.08333333333333333
10,1,0.02,0.046296296296296294
11,2,0.04,0.10185185185185185
13,2,0.04,0.12037037037037036
