Size,Count,Frequency,Fraction of total molecules
1,10,0.2,0.046296296296296294
2,11,0.22,0.10185185185185185
3,4,0.08,0.05555555555555555
4,10,0.2,0.18518518518518517
5,5,0.1,0.11574074074074074
6,2,0.04,0.05555555555555555
9,2,0.04,0.08333333333333333
11,4,0.08,0.2037037037037037
15,1,0.02,0.06944444444444445
18,1,0.02,0.08333333333333333
