Size,Count,Frequency,Fraction of total molecules
1,7,0.14285714285714285,0.032407407407407406
2,13,0.2653061224489796,0.12037037037037036
3,3,0.061224489795918366,0.041666666666666664
4,9,0.1836734693877551,0.16666666666666666
5,2,0.04081632653061224,0.046296296296296294
6,3,0.061224489795918366,0.08333333333333333
7,3,0.061224489795918366,0.09722222222222222
9,6,0.12244897959183673,0.25
11,2,0.04081632653061224,0.10185185185185185
13,1,0.02040816326530612,0.06018518518518518
