Size,Count,Frequency,Fraction of total molecules
1,7,0.1320754716981132,0.032407407407407406
2,16,0.3018867924528302,0.14814814814814814
3,3,0.05660377358490566,0.041666666666666664
4,12,0.22641509433962265,0.2222222222222222
5,6,0.11320754716981132,0.1388888888888889
6,1,0.018867924528301886,0.027777777777777776
9,4,0.07547169811320754,0.16666666666666666
10,1,0.018867924528301886,0.046296296296296294
11,2,0.03773584905660377,0.10185185185185185
16,1,0.018867924528301886,0.07407407407407407
