Size,Count,Frequency,Fraction of total molecules
1,12,0.2222222222222222,0.05555555555555555
2,10,0.18518518518518517,0.09259259259259259
3,4,0.07407407407407407,0.05555555555555555
4,12,0.2222222222222222,0.2222222222222222
5,7,0.12962962962962962,0.16203703703703703
6,1,0.018518518518518517,0.027777777777777776
7,5,0.09259259259259259,0.16203703703703703
10,1,0.018518518518518517,0.046296296296296294
18,1,0.018518518518518517,0.08333333333333333
20,1,0.018518518518518517,0.09259259259259259
