Size,Count,Frequency,Fraction of total molecules
1,7,0.1346153846153846,0.032407407407407406
2,11,0.21153846153846154,0.10185185185185185
3,11,0.21153846153846154,0.1527777777777778
4,6,0.11538461538461539,0.1111111111111111
5,6,0.11538461538461539,0.1388888888888889
6,4,0.07692307692307693,0.1111111111111111
8,2,0.038461538461538464,0.07407407407407407
10,3,0.057692307692307696,0.1388888888888889
14,1,0.019230769230769232,0.06481481481481481
16,1,0.019230769230769232,0.07407407407407407
