Size,Count,Frequency,Fraction of total molecules
1,9,0.16363636363636364,0.041666666666666664
2,10,0.18181818181818182,0.09259259259259259
3,7,0.12727272727272726,0.09722222222222222
4,11,0.2,0.2037037037037037
5,11,0.2,0.25462962962962965
6,3,0.05454545454545454,0.08333333333333333
7,2,0.03636363636363636,0.06481481481481481
13,1,0.01818181818181818,0.06018518518518518
22,1,0.01818181818181818,0.10185185185185185
