Size,Count,Frequency,Fraction of total molecules
1,9,0.18,0.041666666666666664
2,11,0.22,0.10185185185185185
3,1,0.02,0.013888888888888888
4,12,0.24,0.2222222222222222
5,5,0.1,0.11574074074074074
6,3,0.06,0.08333333333333333
7,2,0.04,0.06481481481481481
8,1,0.02,0.037037037037037035
9,1,0.02,0.041666666666666664
10,1,0.02,0.046296296296296294
11,2,0.04,0.10185185185185185
13,1,0.02,0.06018518518518518
15,1,0.02,0.06944444444444445
