Size,Count,Frequency,Fraction of total molecules
1,3,0.06521739130434782,0.013888888888888888
2,12,0.2608695652173913,0.1111111111111111
3,7,0.15217391304347827,0.09722222222222222
4,7,0.15217391304347827,0.12962962962962962
5,7,0.15217391304347827,0.16203703703703703
6,3,0.06521739130434782,0.08333333333333333
10,3,0.06521739130434782,0.1388888888888889
12,2,0.043478260869565216,0.1111111111111111
13,1,0.021739130434782608,0.06018518518518518
20,1,0.021739130434782608,0.09259259259259259
