Size,Count,Frequency,Fraction of total molecules
1,9,0.16981132075471697,0.041666666666666664
2,15,0.2830188679245283,0.1388888888888889
3,1,0.018867924528301886,0.013888888888888888
4,8,0.1509433962264151,0.14814814814814814
5,10,0.18867924528301888,0.23148148148148148
6,4,0.07547169811320754,0.1111111111111111
8,1,0.018867924528301886,0.037037037037037035
10,2,0.03773584905660377,0.09259259259259259
11,2,0.03773584905660377,0.10185185185185185
18,1,0.018867924528301886,0.08333333333333333
