Size,Count,Frequency,Fraction of total molecules
1,12,0.1935483870967742,0.05555555555555555
2,14,0.22580645161290322,0.12962962962962962
3,5,0.08064516129032258,0.06944444444444445
4,13,0.20967741935483872,0.24074074074074073
5,8,0.12903225806451613,0.18518518518518517
6,5,0.08064516129032258,0.1388888888888889
7,2,0.03225806451612903,0.06481481481481481
8,2,0.03225806451612903,0.07407407407407407
9,1,0.016129032258064516,0.041666666666666664
