Size,Count,Frequency,Fraction of total molecules
1,5,0.125,0.023148148148148147
2,10,0.25,0.09259259259259259
3,3,0.075,0.041666666666666664
4,6,0.15,0.1111111111111111
5,5,0.125,0.11574074074074074
6,1,0.025,0.027777777777777776
7,2,0.05,0.06481481481481481
9,1,0.025,0.041666666666666664
11,3,0.075,0.1527777777777778
12,1,0.025,0.05555555555555555
15,1,0.025,0.06944444444444445
17,1,0.025,0.0787037037037037
27,1,0.025,0.125
