Size,Count,Frequency,Fraction of total molecules
1,15,0.20833333333333334,0.06944444444444445
2,20,0.2777777777777778,0.18518518518518517
3,15,0.20833333333333334,0.20833333333333334
4,11,0.1527777777777778,0.2037037037037037
5,6,0.08333333333333333,0.1388888888888889
7,2,0.027777777777777776,0.06481481481481481
8,1,0.013888888888888888,0.037037037037037035
9,1,0.013888888888888888,0.041666666666666664
11,1,0.013888888888888888,0.05092592592592592
