Size,Count,Frequency,Fraction of total molecules
1,30,0.3225806451612903,0.1388888888888889
2,31,0.3333333333333333,0.28703703703703703
3,16,0.17204301075268819,0.2222222222222222
4,7,0.07526881720430108,0.12962962962962962
5,7,0.07526881720430108,0.16203703703703703
6,1,0.010752688172043012,0.027777777777777776
7,1,0.010752688172043012,0.032407407407407406
