Size,Count,Frequency,Fraction of total molecules
1,9,0.17307692307692307,0.041666666666666664
2,9,0.17307692307692307,0.08333333333333333
3,5,0.09615384615384616,0.06944444444444445
4,8,0.15384615384615385,0.14814814814814814
5,7,0.1346153846153846,0.16203703703703703
6,5,0.09615384615384616,0.1388888888888889
7,3,0.057692307692307696,0.09722222222222222
9,4,0.07692307692307693,0.16666666666666666
10,2,0.038461538461538464,0.09259259259259259
