Size,Count,Frequency,Fraction of total molecules
1,13,0.22413793103448276,0.06018518518518518
2,12,0.20689655172413793,0.1111111111111111
3,4,0.06896551724137931,0.05555555555555555
4,13,0.22413793103448276,0.24074074074074073
5,8,0.13793103448275862,0.18518518518518517
6,3,0.05172413793103448,0.08333333333333333
7,1,0.017241379310344827,0.032407407407407406
9,1,0.017241379310344827,0.041666666666666664
12,2,0.034482758620689655,0.1111111111111111
17,1,0.017241379310344827,0.0787037037037037
