Size,Count,Frequency,Fraction of total molecules
1,75,0.5725190839694656,0.3472222222222222
2,34,0.2595419847328244,0.3148148148148148
3,18,0.13740458015267176,0.25
4,2,0.015267175572519083,0.037037037037037035
5,1,0.007633587786259542,0.023148148148148147
6,1,0.007633587786259542,0.027777777777777776
