Size,Count,Frequency,Fraction of total molecules
1,6,0.1111111111111111,0.027777777777777776
2,17,0.3148148148148148,0.1574074074074074
3,4,0.07407407407407407,0.05555555555555555
4,12,0.2222222222222222,0.2222222222222222
5,10,0.18518518518518517,0.23148148148148148
6,1,0.018518518518518517,0.027777777777777776
8,1,0.018518518518518517,0.037037037037037035
16,2,0.037037037037037035,0.14814814814814814
20,1,0.018518518518518517,0.09259259259259259
