Size,Count,Frequency,Fraction of total molecules
1,5,0.09259259259259259,0.023148148148148147
2,12,0.2222222222222222,0.1111111111111111
3,8,0.14814814814814814,0.1111111111111111
4,14,0.25925925925925924,0.25925925925925924
5,6,0.1111111111111111,0.1388888888888889
6,3,0.05555555555555555,0.08333333333333333
8,1,0.018518518518518517,0.037037037037037035
9,4,0.07407407407407407,0.16666666666666666
15,1,0.018518518518518517,0.06944444444444445
