Size,Count,Frequency,Fraction of total molecules
1,7,0.1320754716981132,0.032407407407407406
2,11,0.20754716981132076,0.10185185185185185
3,4,0.07547169811320754,0.05555555555555555
4,12,0.22641509433962265,0.2222222222222222
5,10,0.18867924528301888,0.23148148148148148
6,6,0.11320754716981132,0.16666666666666666
7,1,0.018867924528301886,0.032407407407407406
12,1,0.018867924528301886,0.05555555555555555
22,1,0.018867924528301886,0.10185185185185185
