Size,Count,Frequency,Fraction of total molecules
1,18,0.2727272727272727,0.08333333333333333
2,17,0.25757575757575757,0.1574074074074074
3,8,0.12121212121212122,0.1111111111111111
4,11,0.16666666666666666,0.2037037037037037
5,4,0.06060606060606061,0.09259259259259259
6,2,0.030303030303030304,0.05555555555555555
8,3,0.045454545454545456,0.1111111111111111
10,1,0.015151515151515152,0.046296296296296294
13,1,0.015151515151515152,0.06018518518518518
17,1,0.015151515151515152,0.0787037037037037
