Size,Count,Frequency,Fraction of total molecules
1,10,0.2,0.046296296296296294
2,10,0.2,0.09259259259259259
3,5,0.1,0.06944444444444445
4,8,0.16,0.14814814814814814
5,5,0.1,0.11574074074074074
6,1,0.02,0.027777777777777776
7,2,0.04,0.06481481481481481
8,2,0.04,0.07407407407407407
9,1,0.02,0.041666666666666664
10,1,0.02,0.046296296296296294
11,3,0.06,0.1527777777777778
13,2,0.04,0.12037037037037036
