Size,Count,Frequency,Fraction of total molecules
1,6,0.1276595744680851,0.027777777777777776
2,7,0.14893617021276595,0.06481481481481481
3,5,0.10638297872340426,0.06944444444444445
4,10,0.2127659574468085,0.18518518518518517
5,6,0.1276595744680851,0.1388888888888889
6,6,0.1276595744680851,0.16666666666666666
7,2,0.0425531914893617,0.06481481481481481
9,3,0.06382978723404255,0.125
14,1,0.02127659574468085,0.06481481481481481
20,1,0.02127659574468085,0.09259259259259259
