Size,Count,Frequency,Fraction of total molecules
1,21,0.28378378378378377,0.09722222222222222
2,22,0.2972972972972973,0.2037037037037037
3,13,0.17567567567567569,0.18055555555555555
4,5,0.06756756756756757,0.09259259259259259
5,6,0.08108108108108109,0.1388888888888889
6,2,0.02702702702702703,0.05555555555555555
8,2,0.02702702702702703,0.07407407407407407
10,1,0.013513513513513514,0.046296296296296294
12,2,0.02702702702702703,0.1111111111111111
