Size,Count,Frequency,Fraction of total molecules
1,7,0.14,0.032407407407407406
2,12,0.24,0.1111111111111111
3,5,0.1,0.06944444444444445
4,8,0.16,0.14814814814814814
5,6,0.12,0.1388888888888889
6,1,0.02,0.027777777777777776
7,3,0.06,0.09722222222222222
9,3,0.06,0.125
10,2,0.04,0.09259259259259259
11,2,0.04,0.10185185185185185
12,1,0.02,0.05555555555555555
