Size,Count,Frequency,Fraction of total molecules
1,27,0.313953488372093,0.125
2,23,0.26744186046511625,0.21296296296296297
3,19,0.22093023255813954,0.2638888888888889
4,7,0.08139534883720931,0.12962962962962962
5,7,0.08139534883720931,0.16203703703703703
6,1,0.011627906976744186,0.027777777777777776
8,1,0.011627906976744186,0.037037037037037035
9,1,0.011627906976744186,0.041666666666666664
