Size,Count,Frequency,Fraction of total molecules
1,12,0.21428571428571427,0.05555555555555555
2,10,0.17857142857142858,0.09259259259259259
3,6,0.10714285714285714,0.08333333333333333
4,12,0.21428571428571427,0.2222222222222222
5,7,0.125,0.16203703703703703
6,4,0.07142857142857142,0.1111111111111111
7,2,0.03571428571428571,0.06481481481481481
10,1,0.017857142857142856,0.046296296296296294
11,1,0.017857142857142856,0.05092592592592592
24,1,0.017857142857142856,0.1111111111111111
