Size,Count,Frequency,Fraction of total molecules
1,7,0.12962962962962962,0.032407407407407406
2,16,0.2962962962962963,0.14814814814814814
3,5,0.09259259259259259,0.06944444444444445
4,8,0.14814814814814814,0.14814814814814814
5,7,0.12962962962962962,0.16203703703703703
6,3,0.05555555555555555,0.08333333333333333
8,2,0.037037037037037035,0.07407407407407407
9,4,0.07407407407407407,0.16666666666666666
12,1,0.018518518518518517,0.05555555555555555
13,1,0.018518518518518517,0.06018518518518518
