Size,Count,Frequency,Fraction of total molecules
1,39,0.3786407766990291,0.18055555555555555
2,31,0.30097087378640774,0.28703703703703703
3,22,0.21359223300970873,0.3055555555555556
4,8,0.07766990291262135,0.14814814814814814
5,1,0.009708737864077669,0.023148148148148147
6,2,0.019417475728155338,0.05555555555555555
