Size,Count,Frequency,Fraction of total molecules
1,6,0.12,0.027777777777777776
2,13,0.26,0.12037037037037036
3,5,0.1,0.06944444444444445
4,9,0.18,0.16666666666666666
5,7,0.14,0.16203703703703703
7,2,0.04,0.06481481481481481
8,2,0.04,0.07407407407407407
9,2,0.04,0.08333333333333333
10,1,0.02,0.046296296296296294
12,1,0.02,0.05555555555555555
13,1,0.02,0.06018518518518518
15,1,0.02,0.06944444444444445
