Size,Count,Frequency,Fraction of total molecules
1,5,0.09090909090909091,0.023148148148148147
2,16,0.2909090909090909,0.14814814814814814
3,3,0.05454545454545454,0.041666666666666664
4,11,0.2,0.2037037037037037
5,11,0.2,0.25462962962962965
6,3,0.05454545454545454,0.08333333333333333
7,2,0.03636363636363636,0.06481481481481481
9,2,0.03636363636363636,0.08333333333333333
10,1,0.01818181818181818,0.046296296296296294
11,1,0.01818181818181818,0.05092592592592592
