Size,Count,Frequency,Fraction of total molecules
1,8,0.1568627450980392,0.037037037037037035
2,16,0.3137254901960784,0.14814814814814814
3,1,0.0196078431372549,0.013888888888888888
4,7,0.13725490196078433,0.12962962962962962
5,8,0.1568627450980392,0.18518518518518517
6,3,0.058823529411764705,0.08333333333333333
8,1,0.0196078431372549,0.037037037037037035
9,2,0.0392156862745098,0.08333333333333333
11,4,0.0784313725490196,0.2037037037037037
17,1,0.0196078431372549,0.0787037037037037
