Size,Count,Frequency,Fraction of total molecules
1,23,0.2804878048780488,0.10648148148148148
2,19,0.23170731707317074,0.17592592592592593
3,26,0.3170731707317073,0.3611111111111111
4,5,0.06097560975609756,0.09259259259259259
5,4,0.04878048780487805,0.09259259259259259
6,1,0.012195121951219513,0.027777777777777776
7,2,0.024390243902439025,0.06481481481481481
8,1,0.012195121951219513,0.037037037037037035
9,1,0.012195121951219513,0.041666666666666664
