Size,Count,Frequency,Fraction of total molecules
1,9,0.16981132075471697,0.041666666666666664
2,12,0.22641509433962265,0.1111111111111111
3,4,0.07547169811320754,0.05555555555555555
4,9,0.16981132075471697,0.16666666666666666
5,11,0.20754716981132076,0.25462962962962965
6,5,0.09433962264150944,0.1388888888888889
15,1,0.018867924528301886,0.06944444444444445
17,1,0.018867924528301886,0.0787037037037037
18,1,0.018867924528301886,0.08333333333333333
