Size,Count,Frequency,Fraction of total molecules
1,37,0.37373737373737376,0.1712962962962963
2,28,0.2828282828282828,0.25925925925925924
3,20,0.20202020202020202,0.2777777777777778
4,8,0.08080808080808081,0.14814814814814814
5,5,0.050505050505050504,0.11574074074074074
6,1,0.010101010101010102,0.027777777777777776
