Size,Count,Frequency,Fraction of total molecules
1,18,0.28125,0.08333333333333333
2,14,0.21875,0.12962962962962962
3,6,0.09375,0.08333333333333333
4,11,0.171875,0.2037037037037037
5,3,0.046875,0.06944444444444445
6,2,0.03125,0.05555555555555555
7,4,0.0625,0.12962962962962962
8,3,0.046875,0.1111111111111111
9,2,0.03125,0.08333333333333333
11,1,0.015625,0.05092592592592592
