Size,Count,Frequency,Fraction of total molecules
1,20,0.2702702702702703,0.09259259259259259
2,20,0.2702702702702703,0.18518518518518517
3,15,0.20270270270270271,0.20833333333333334
4,8,0.10810810810810811,0.14814814814814814
5,4,0.05405405405405406,0.09259259259259259
6,2,0.02702702702702703,0.05555555555555555
7,1,0.013513513513513514,0.032407407407407406
9,2,0.02702702702702703,0.08333333333333333
10,1,0.013513513513513514,0.046296296296296294
12,1,0.013513513513513514,0.05555555555555555
