Size,Count,Frequency,Fraction of total molecules
1,41,0.39805825242718446,0.18981481481481483
2,31,0.30097087378640774,0.28703703703703703
3,20,0.1941747572815534,0.2777777777777778
4,4,0.038834951456310676,0.07407407407407407
5,5,0.04854368932038835,0.11574074074074074
6,2,0.019417475728155338,0.05555555555555555
