Size,Count,Frequency,Fraction of total molecules
1,9,0.17307692307692307,0.041666666666666664
2,9,0.17307692307692307,0.08333333333333333
3,4,0.07692307692307693,0.05555555555555555
4,10,0.19230769230769232,0.18518518518518517
5,10,0.19230769230769232,0.23148148148148148
6,5,0.09615384615384616,0.1388888888888889
7,1,0.019230769230769232,0.032407407407407406
9,1,0.019230769230769232,0.041666666666666664
11,1,0.019230769230769232,0.05092592592592592
15,2,0.038461538461538464,0.1388888888888889
