Size,Count,Frequency,Fraction of total molecules
1,7,0.14,0.032407407407407406
2,14,0.28,0.12962962962962962
3,3,0.06,0.041666666666666664
4,10,0.2,0.18518518518518517
5,4,0.08,0.09259259259259259
6,2,0.04,0.05555555555555555
7,2,0.04,0.06481481481481481
8,3,0.06,0.1111111111111111
9,2,0.04,0.08333333333333333
12,1,0.02,0.05555555555555555
15,1,0.02,0.06944444444444445
17,1,0.02,0.0787037037037037
