Size,Count,Frequency,Fraction of total molecules
1,14,0.2153846153846154,0.06481481481481481
2,20,0.3076923076923077,0.18518518518518517
3,9,0.13846153846153847,0.125
4,13,0.2,0.24074074074074073
5,4,0.06153846153846154,0.09259259259259259
6,1,0.015384615384615385,0.027777777777777776
10,1,0.015384615384615385,0.046296296296296294
13,1,0.015384615384615385,0.06018518518518518
15,1,0.015384615384615385,0.06944444444444445
19,1,0.015384615384615385,0.08796296296296297
