Size,Count,Frequency,Fraction of total molecules
1,5,0.09803921568627451,0.023148148148148147
2,16,0.3137254901960784,0.14814814814814814
3,3,0.058823529411764705,0.041666666666666664
4,10,0.19607843137254902,0.18518518518518517
5,7,0.13725490196078433,0.16203703703703703
6,3,0.058823529411764705,0.08333333333333333
9,2,0.0392156862745098,0.08333333333333333
11,4,0.0784313725490196,0.2037037037037037
15,1,0.0196078431372549,0.06944444444444445
