Size,Count,Frequency,Fraction of total molecules
1,7,0.14,0.032407407407407406
2,15,0.3,0.1388888888888889
3,7,0.14,0.09722222222222222
4,6,0.12,0.1111111111111111
5,3,0.06,0.06944444444444445
6,3,0.06,0.08333333333333333
8,2,0.04,0.07407407407407407
9,3,0.06,0.125
11,2,0.04,0.10185185185185185
16,1,0.02,0.07407407407407407
20,1,0.02,0.09259259259259259
