Size,Count,Frequency,Fraction of total molecules
1,13,0.22413793103448276,0.06018518518518518
2,13,0.22413793103448276,0.12037037037037036
3,7,0.1206896551724138,0.09722222222222222
4,11,0.1896551724137931,0.2037037037037037
5,8,0.13793103448275862,0.18518518518518517
6,2,0.034482758620689655,0.05555555555555555
7,1,0.017241379310344827,0.032407407407407406
14,1,0.017241379310344827,0.06481481481481481
17,1,0.017241379310344827,0.0787037037037037
22,1,0.017241379310344827,0.10185185185185185
