Size,Count,Frequency,Fraction of total molecules
1,10,0.2,0.046296296296296294
2,11,0.22,0.10185185185185185
3,5,0.1,0.06944444444444445
4,11,0.22,0.2037037037037037
5,3,0.06,0.06944444444444445
7,2,0.04,0.06481481481481481
9,1,0.02,0.041666666666666664
10,1,0.02,0.046296296296296294
11,4,0.08,0.2037037037037037
13,1,0.02,0.06018518518518518
20,1,0.02,0.09259259259259259
