Size,Count,Frequency,Fraction of total molecules
1,20,0.26666666666666666,0.09259259259259259
2,18,0.24,0.16666666666666666
3,23,0.30666666666666664,0.3194444444444444
4,5,0.06666666666666667,0.09259259259259259
5,4,0.05333333333333334,0.09259259259259259
6,1,0.013333333333333334,0.027777777777777776
8,1,0.013333333333333334,0.037037037037037035
9,1,0.013333333333333334,0.041666666666666664
10,1,0.013333333333333334,0.046296296296296294
18,1,0.013333333333333334,0.08333333333333333
