Size,Count,Frequency,Fraction of total molecules
1,6,0.15,0.027777777777777776
2,9,0.225,0.08333333333333333
3,5,0.125,0.06944444444444445
4,3,0.075,0.05555555555555555
5,4,0.1,0.09259259259259259
7,2,0.05,0.06481481481481481
8,3,0.075,0.1111111111111111
10,2,0.05,0.09259259259259259
11,2,0.05,0.10185185185185185
12,1,0.025,0.05555555555555555
15,1,0.025,0.06944444444444445
17,1,0.025,0.0787037037037037
21,1,0.025,0.09722222222222222
