Size,Count,Frequency,Fraction of total molecules
1,13,0.19402985074626866,0.06018518518518518
2,16,0.23880597014925373,0.14814814814814814
3,6,0.08955223880597014,0.08333333333333333
4,15,0.22388059701492538,0.2777777777777778
5,12,0.1791044776119403,0.2777777777777778
6,3,0.04477611940298507,0.08333333333333333
7,1,0.014925373134328358,0.032407407407407406
8,1,0.014925373134328358,0.037037037037037035
