Size,Count,Frequency,Fraction of total molecules
1,15,0.23076923076923078,0.06944444444444445
2,18,0.27692307692307694,0.16666666666666666
3,6,0.09230769230769231,0.08333333333333333
4,14,0.2153846153846154,0.25925925925925924
5,2,0.03076923076923077,0.046296296296296294
6,5,0.07692307692307693,0.1388888888888889
8,2,0.03076923076923077,0.07407407407407407
11,2,0.03076923076923077,0.10185185185185185
13,1,0.015384615384615385,0.06018518518518518
