Size,Count,Frequency,Fraction of total molecules
1,3,0.06382978723404255,0.013888888888888888
2,14,0.2978723404255319,0.12962962962962962
3,5,0.10638297872340426,0.06944444444444445
4,9,0.19148936170212766,0.16666666666666666
5,6,0.1276595744680851,0.1388888888888889
6,2,0.0425531914893617,0.05555555555555555
9,4,0.0851063829787234,0.16666666666666666
10,2,0.0425531914893617,0.09259259259259259
14,1,0.02127659574468085,0.06481481481481481
22,1,0.02127659574468085,0.10185185185185185
