Size,Count,Frequency,Fraction of total molecules
1,11,0.22448979591836735,0.05092592592592592
2,13,0.2653061224489796,0.12037037037037036
3,4,0.08163265306122448,0.05555555555555555
4,7,0.14285714285714285,0.12962962962962962
5,4,0.08163265306122448,0.09259259259259259
6,1,0.02040816326530612,0.027777777777777776
9,2,0.04081632653061224,0.08333333333333333
11,2,0.04081632653061224,0.10185185185185185
13,4,0.08163265306122448,0.24074074074074073
21,1,0.02040816326530612,0.09722222222222222
