Size,Count,Frequency,Fraction of total molecules
1,13,0.19402985074626866,0.06018518518518518
2,20,0.29850746268656714,0.18518518518518517
3,9,0.13432835820895522,0.125
4,12,0.1791044776119403,0.2222222222222222
5,6,0.08955223880597014,0.1388888888888889
7,3,0.04477611940298507,0.09722222222222222
8,1,0.014925373134328358,0.037037037037037035
9,2,0.029850746268656716,0.08333333333333333
11,1,0.014925373134328358,0.05092592592592592
