Size,Count,Frequency,Fraction of total molecules
1,24,0.2962962962962963,0.1111111111111111
2,20,0.24691358024691357,0.18518518518518517
3,21,0.25925925925925924,0.2916666666666667
4,7,0.08641975308641975,0.12962962962962962
5,6,0.07407407407407407,0.1388888888888889
8,1,0.012345679012345678,0.037037037037037035
9,1,0.012345679012345678,0.041666666666666664
14,1,0.012345679012345678,0.06481481481481481
