Size,Count,Frequency,Fraction of total molecules
1,8,0.16,0.037037037037037035
2,10,0.2,0.09259259259259259
3,7,0.14,0.09722222222222222
4,8,0.16,0.14814814814814814
5,7,0.14,0.16203703703703703
6,1,0.02,0.027777777777777776
7,1,0.02,0.032407407407407406
8,1,0.02,0.037037037037037035
9,2,0.04,0.08333333333333333
10,1,0.02,0.046296296296296294
11,2,0.04,0.10185185185185185
13,1,0.02,0.06018518518518518
16,1,0.02,0.07407407407407407
