Size,Count,Frequency,Fraction of total molecules
1,27,0.3068181818181818,0.125
2,29,0.32954545454545453,0.26851851851851855
3,17,0.19318181818181818,0.2361111111111111
4,6,0.06818181818181818,0.1111111111111111
5,4,0.045454545454545456,0.09259259259259259
6,2,0.022727272727272728,0.05555555555555555
7,2,0.022727272727272728,0.06481481481481481
10,1,0.011363636363636364,0.046296296296296294
