Size,Count,Frequency,Fraction of total molecules
1,9,0.18,0.041666666666666664
2,12,0.24,0.1111111111111111
4,10,0.2,0.18518518518518517
5,7,0.14,0.16203703703703703
6,1,0.02,0.027777777777777776
7,3,0.06,0.09722222222222222
8,2,0.04,0.07407407407407407
10,2,0.04,0.09259259259259259
11,3,0.06,0.1527777777777778
12,1,0.02,0.05555555555555555
