BondCounts,frequency
1,0.23266856600189934
2,0.7673314339981007
