Size,"NWASP,NCK,NEPHRIN",Count,Frequency in clusters of the same size
2,"0,1,1",2,0.14285714285714285
2,"1,1,0",12,0.8571428571428571
3,"0,2,1",1,0.125
3,"1,1,1",2,0.25
3,"1,2,0",5,0.625
4,"1,2,1",10,1.0
5,"1,3,1",7,1.0
6,"2,3,1",4,1.0
7,"2,4,1",2,1.0
8,"2,4,2",2,1.0
12,"3,7,2",1,0.5
12,"4,6,2",1,0.5
