Size,"NWASP,NCK,NEPHRIN",Count,Frequency in clusters of the same size
2,"0,1,1",1,0.07142857142857142
2,"1,1,0",13,0.9285714285714286
3,"1,1,1",1,0.2
3,"1,2,0",4,0.8
4,"1,2,1",11,1.0
5,"1,3,1",3,1.0
6,"1,4,1",1,0.25
6,"2,3,1",3,0.75
7,"2,4,1",1,1.0
12,"3,7,2",2,1.0
13,"3,7,3",1,1.0
17,"4,9,4",1,1.0
18,"4,10,4",1,1.0
