Size,"NWASP,NCK,NEPHRIN",Count,Frequency in clusters of the same size
2,"0,1,1",1,0.07692307692307693
2,"1,1,0",12,0.9230769230769231
3,"1,2,0",5,1.0
4,"1,2,1",7,1.0
5,"1,3,1",3,1.0
6,"2,3,1",2,1.0
7,"2,3,2",1,0.5
7,"2,4,1",1,0.5
8,"1,5,2",1,0.5
8,"2,4,2",1,0.5
9,"2,5,2",2,1.0
10,"2,6,2",2,1.0
12,"3,7,2",2,1.0
21,"5,12,4",1,1.0
