Size,"NWASP,NCK,NEPHRIN",Count,Frequency in clusters of the same size
2,"0,1,1",1,0.09090909090909091
2,"1,1,0",10,0.9090909090909091
3,"0,2,1",1,0.2
3,"1,2,0",4,0.8
4,"1,2,1",7,1.0
5,"1,3,1",2,1.0
6,"2,3,1",4,1.0
7,"2,4,1",3,1.0
8,"2,4,2",1,0.5
8,"2,5,1",1,0.5
11,"3,6,2",3,1.0
12,"3,7,2",1,1.0
13,"4,6,3",1,1.0
15,"3,9,3",1,1.0
