Size,"NWASP,NCK,NEPHRIN",Count,Frequency in clusters of the same size
2,"0,1,1",1,0.09090909090909091
2,"1,1,0",10,0.9090909090909091
3,"0,2,1",1,0.16666666666666666
3,"1,2,0",5,0.8333333333333334
4,"1,2,1",3,1.0
5,"1,3,1",7,1.0
6,"2,3,1",1,1.0
7,"2,4,1",1,1.0
8,"2,4,2",1,1.0
9,"2,5,2",3,1.0
10,"2,6,2",1,0.5
10,"3,5,2",1,0.5
11,"3,6,2",1,1.0
12,"3,7,2",1,1.0
14,"4,7,3",1,1.0
20,"6,11,3",1,1.0
