Size,"NWASP,NCK,NEPHRIN",Count,Frequency in clusters of the same size
2,"0,1,1",2,0.13333333333333333
2,"1,1,0",13,0.8666666666666667
3,"1,1,1",1,0.058823529411764705
3,"1,2,0",16,0.9411764705882353
4,"1,2,1",9,0.9
4,"2,2,0",1,0.1
5,"1,3,1",5,1.0
6,"2,3,1",1,1.0
9,"2,5,2",1,1.0
11,"2,6,3",1,1.0
12,"3,6,3",1,1.0
14,"4,7,3",1,1.0
