Size,"NWASP,NCK,NEPHRIN",Count,Frequency in clusters of the same size
2,"0,1,1",2,0.1
2,"1,1,0",18,0.9
3,"0,2,1",1,0.047619047619047616
3,"1,2,0",20,0.9523809523809523
4,"1,2,1",6,0.8571428571428571
4,"1,3,0",1,0.14285714285714285
5,"1,2,2",1,0.16666666666666666
5,"1,3,1",5,0.8333333333333334
8,"2,4,2",1,1.0
9,"2,5,2",1,1.0
14,"3,7,4",1,1.0
