Size,"NWASP,NCK,NEPHRIN",Count,Frequency in clusters of the same size
2,"0,1,1",2,0.14285714285714285
2,"1,1,0",12,0.8571428571428571
3,"1,2,0",4,1.0
4,"1,2,1",5,1.0
5,"1,3,1",4,0.8
5,"2,2,1",1,0.2
6,"1,4,1",1,0.25
6,"2,3,1",3,0.75
7,"2,4,1",2,1.0
8,"1,5,2",1,0.5
8,"2,4,2",1,0.5
9,"2,5,2",4,1.0
11,"3,6,2",1,1.0
21,"5,12,4",1,1.0
