Size,"NWASP,NCK,NEPHRIN",Count,Frequency in clusters of the same size
2,"1,1,0",22,1.0
3,"0,2,1",1,0.07692307692307693
3,"1,1,1",1,0.07692307692307693
3,"1,2,0",11,0.8461538461538461
4,"1,2,1",5,1.0
5,"1,3,1",5,0.8333333333333334
5,"2,3,0",1,0.16666666666666666
6,"1,3,2",2,1.0
8,"2,4,2",2,1.0
10,"2,5,3",1,1.0
12,"3,7,2",2,1.0
