Size,"NWASP,NCK,NEPHRIN",Count,Frequency in clusters of the same size
2,"0,1,1",1,0.08333333333333333
2,"1,1,0",11,0.9166666666666666
3,"0,2,1",1,0.125
3,"1,2,0",7,0.875
4,"0,3,1",1,0.07142857142857142
4,"1,2,1",12,0.8571428571428571
4,"2,2,0",1,0.07142857142857142
5,"1,3,1",6,1.0
6,"2,3,1",3,1.0
8,"2,4,2",1,1.0
9,"2,5,2",3,0.75
9,"3,5,1",1,0.25
15,"4,8,3",1,1.0
