Size,"NWASP,NCK,NEPHRIN",Count,Frequency in clusters of the same size
2,"1,1,0",7,1.0
3,"1,1,1",2,0.2857142857142857
3,"1,2,0",5,0.7142857142857143
4,"1,2,1",9,1.0
5,"1,3,1",6,0.8571428571428571
5,"2,3,0",1,0.14285714285714285
6,"2,3,1",3,1.0
7,"2,4,1",1,1.0
9,"2,5,2",3,1.0
13,"4,6,3",1,1.0
14,"4,7,3",1,1.0
18,"5,10,3",1,1.0
