Size,"NWASP,NCK,NEPHRIN",Count,Frequency in clusters of the same size
2,"1,1,0",20,1.0
3,"0,2,1",1,0.06666666666666667
3,"1,2,0",14,0.9333333333333333
4,"1,2,1",3,0.75
4,"1,3,0",1,0.25
5,"1,3,1",4,0.8
5,"2,3,0",1,0.2
6,"1,3,2",1,1.0
7,"1,3,3",1,1.0
8,"2,4,2",2,1.0
9,"2,5,2",1,1.0
10,"2,6,2",1,0.5
10,"3,5,2",1,0.5
12,"3,7,2",1,1.0
