Size,"NWASP,NCK,NEPHRIN",Count,Frequency in clusters of the same size
2,"0,1,1",1,0.07142857142857142
2,"1,1,0",13,0.9285714285714286
3,"1,2,0",3,1.0
4,"1,2,1",6,1.0
5,"1,3,1",8,1.0
6,"2,3,1",2,1.0
7,"2,4,1",1,1.0
8,"3,4,1",1,1.0
9,"2,5,2",3,1.0
10,"2,6,2",1,0.5
10,"3,5,2",1,0.5
11,"3,6,2",2,1.0
14,"3,8,3",1,1.0
