Size,"NWASP,NCK,NEPHRIN",Count,Frequency in clusters of the same size
2,"0,1,1",1,0.09090909090909091
2,"1,1,0",10,0.9090909090909091
3,"0,2,1",1,0.14285714285714285
3,"1,2,0",6,0.8571428571428571
4,"1,2,1",10,1.0
5,"1,3,1",6,0.8571428571428571
5,"2,2,1",1,0.14285714285714285
6,"2,3,1",1,1.0
7,"2,4,1",3,1.0
9,"2,5,2",1,1.0
10,"3,5,2",2,1.0
11,"3,6,2",1,1.0
23,"7,12,4",1,1.0
