Size,"NWASP,NCK,NEPHRIN",Count,Frequency in clusters of the same size
2,"1,1,0",14,1.0
3,"1,2,0",2,1.0
4,"1,2,1",12,0.9230769230769231
4,"1,3,0",1,0.07692307692307693
5,"1,3,1",7,1.0
6,"2,3,1",1,1.0
7,"2,4,1",1,1.0
8,"2,4,2",1,1.0
9,"2,5,2",1,1.0
10,"3,5,2",1,1.0
18,"4,10,4",1,1.0
27,"7,15,5",1,1.0
