Size,"NWASP,NCK,NEPHRIN",Count,Frequency in clusters of the same size
2,"1,1,0",14,1.0
3,"0,2,1",1,0.14285714285714285
3,"1,1,1",1,0.14285714285714285
3,"1,2,0",5,0.7142857142857143
4,"1,2,1",11,0.9166666666666666
4,"1,3,0",1,0.08333333333333333
5,"1,3,1",4,1.0
6,"2,3,1",1,1.0
7,"1,4,2",1,0.5
7,"2,4,1",1,0.5
8,"2,4,2",2,1.0
9,"2,5,2",1,1.0
10,"3,5,2",1,1.0
12,"3,6,3",1,1.0
20,"5,12,3",1,1.0
