Size,"NWASP,NCK,NEPHRIN",Count,Frequency in clusters of the same size
2,"1,1,0",12,1.0
3,"1,1,1",1,0.5
3,"1,2,0",1,0.5
4,"1,2,1",4,1.0
5,"1,3,1",10,0.8333333333333334
5,"2,2,1",1,0.08333333333333333
5,"2,3,0",1,0.08333333333333333
7,"2,4,1",1,1.0
8,"2,4,2",1,1.0
9,"2,5,2",1,1.0
11,"3,6,2",3,1.0
13,"4,7,2",1,1.0
14,"3,8,3",1,1.0
17,"4,10,3",1,1.0
