Size,"NWASP,NCK,NEPHRIN",Count,Frequency in clusters of the same size
2,"1,1,0",8,1.0
3,"1,2,0",2,1.0
4,"1,2,1",10,0.9090909090909091
4,"2,2,0",1,0.09090909090909091
5,"1,3,1",5,1.0
6,"2,3,1",4,1.0
9,"2,5,2",2,1.0
11,"3,6,2",2,1.0
12,"3,7,2",1,0.5
12,"4,6,2",1,0.5
13,"4,7,2",1,1.0
16,"4,9,3",1,1.0
