Size,"NWASP,NCK,NEPHRIN",Count,Frequency in clusters of the same size
2,"1,1,0",16,1.0
3,"0,2,1",1,0.2
3,"1,1,1",1,0.2
3,"1,2,0",3,0.6
4,"1,2,1",8,1.0
5,"1,3,1",7,1.0
6,"1,3,2",1,0.3333333333333333
6,"1,4,1",1,0.3333333333333333
6,"2,3,1",1,0.3333333333333333
8,"2,4,2",1,0.5
8,"3,4,1",1,0.5
9,"2,5,2",3,0.75
9,"3,5,1",1,0.25
12,"3,7,2",1,1.0
13,"3,7,3",1,1.0
