Size,"NWASP,NCK,NEPHRIN",Count,Frequency in clusters of the same size
2,"0,1,1",2,0.16666666666666666
2,"1,1,0",10,0.8333333333333334
3,"1,2,0",2,1.0
4,"1,2,1",5,1.0
5,"1,3,1",2,1.0
6,"2,3,1",1,1.0
7,"2,4,1",3,1.0
9,"2,5,2",1,1.0
10,"3,5,2",2,1.0
11,"3,6,2",1,1.0
12,"3,7,2",1,1.0
14,"3,8,3",1,0.5
14,"4,8,2",1,0.5
15,"4,8,3",1,1.0
27,"7,15,5",1,1.0
