Size,"NWASP,NCK,NEPHRIN",Count,Frequency in clusters of the same size
2,"1,1,0",10,1.0
3,"0,2,1",1,0.16666666666666666
3,"1,2,0",5,0.8333333333333334
4,"1,2,1",12,1.0
5,"1,3,1",3,0.75
5,"2,3,0",1,0.25
6,"2,3,1",3,1.0
7,"2,4,1",1,1.0
9,"2,5,2",3,0.75
9,"3,5,1",1,0.25
10,"2,6,2",1,1.0
11,"3,6,2",2,1.0
14,"3,8,3",1,1.0
