Size,"NWASP,NCK,NEPHRIN",Count,Frequency in clusters of the same size
2,"0,1,1",1,0.05263157894736842
2,"1,1,0",18,0.9473684210526315
3,"0,2,1",1,0.125
3,"1,2,0",7,0.875
4,"1,2,1",10,0.9090909090909091
4,"1,3,0",1,0.09090909090909091
5,"1,3,1",6,1.0
6,"2,3,1",1,0.5
6,"2,4,0",1,0.5
7,"2,3,2",1,1.0
8,"2,4,2",1,1.0
9,"2,5,2",2,1.0
10,"2,5,3",1,0.5
10,"2,6,2",1,0.5
