Size,"NWASP,NCK,NEPHRIN",Count,Frequency in clusters of the same size
2,"0,1,1",1,0.08333333333333333
2,"1,1,0",11,0.9166666666666666
3,"0,2,1",1,0.16666666666666666
3,"1,2,0",4,0.6666666666666666
3,"2,1,0",1,0.16666666666666666
4,"1,2,1",11,1.0
5,"1,3,1",8,1.0
6,"2,3,1",1,1.0
7,"2,4,1",1,1.0
10,"2,6,2",1,1.0
11,"3,6,2",1,1.0
12,"3,7,2",1,1.0
14,"4,7,3",1,1.0
21,"6,11,4",1,1.0
