Size,"NWASP,NCK,NEPHRIN",Count,Frequency in clusters of the same size
2,"0,1,1",1,0.08333333333333333
2,"1,1,0",11,0.9166666666666666
3,"0,2,1",1,0.14285714285714285
3,"1,2,0",6,0.8571428571428571
4,"1,2,1",7,1.0
5,"1,3,1",6,0.8571428571428571
5,"2,3,0",1,0.14285714285714285
6,"1,4,1",1,0.3333333333333333
6,"2,3,1",2,0.6666666666666666
10,"2,6,2",2,0.6666666666666666
10,"3,5,2",1,0.3333333333333333
12,"3,6,3",1,0.5
12,"4,6,2",1,0.5
13,"4,6,3",1,1.0
20,"5,11,4",1,1.0
