Size,"NWASP,NCK,NEPHRIN",Count,Frequency in clusters of the same size
2,"1,1,0",9,1.0
3,"1,1,1",1,0.14285714285714285
3,"1,2,0",6,0.8571428571428571
4,"1,2,1",5,1.0
5,"1,3,1",7,1.0
6,"2,3,1",3,1.0
7,"2,4,1",1,1.0
8,"1,5,2",1,1.0
9,"2,5,2",1,1.0
10,"2,6,2",1,0.5
10,"3,5,2",1,0.5
11,"3,6,2",4,1.0
12,"4,6,2",1,1.0
