Size,"NWASP,NCK,NEPHRIN",Count,Frequency in clusters of the same size
2,"0,1,1",6,0.20689655172413793
2,"1,1,0",23,0.7931034482758621
3,"0,2,1",1,0.058823529411764705
3,"1,1,1",1,0.058823529411764705
3,"1,2,0",15,0.8823529411764706
4,"1,2,1",5,0.8333333333333334
4,"1,3,0",1,0.16666666666666666
5,"1,3,1",3,0.75
5,"2,3,0",1,0.25
6,"2,4,0",2,1.0
7,"1,4,2",1,0.5
7,"2,3,2",1,0.5
10,"2,5,3",1,1.0
