Size,"NWASP,NCK,NEPHRIN",Count,Frequency in clusters of the same size
2,"0,1,1",2,0.16666666666666666
2,"1,1,0",10,0.8333333333333334
3,"1,2,0",6,1.0
4,"1,2,1",8,1.0
5,"1,3,1",4,1.0
6,"1,3,2",1,0.5
6,"2,3,1",1,0.5
7,"2,4,1",1,1.0
8,"2,4,2",1,1.0
9,"2,5,2",1,1.0
16,"4,9,3",1,1.0
18,"5,10,3",1,1.0
19,"5,10,4",1,1.0
21,"5,12,4",1,1.0
