Size,"NWASP,NCK,NEPHRIN",Count,Frequency in clusters of the same size
2,"0,1,1",1,0.058823529411764705
2,"1,1,0",16,0.9411764705882353
3,"1,2,0",15,1.0
4,"1,2,1",7,1.0
5,"1,3,1",2,1.0
6,"1,3,2",2,0.6666666666666666
6,"2,3,1",1,0.3333333333333333
7,"2,4,1",1,1.0
8,"2,4,2",1,1.0
9,"2,5,2",2,1.0
11,"3,6,2",1,1.0
16,"3,9,4",1,1.0
