Size,"NWASP,NCK,NEPHRIN",Count,Frequency in clusters of the same size
2,"0,1,1",1,0.06666666666666667
2,"1,1,0",14,0.9333333333333333
3,"1,2,0",1,1.0
4,"1,2,1",7,0.875
4,"1,3,0",1,0.125
5,"1,3,1",10,1.0
6,"1,3,2",1,0.25
6,"2,3,1",3,0.75
8,"2,4,2",1,1.0
10,"2,6,2",1,0.5
10,"3,5,2",1,0.5
11,"3,6,2",2,1.0
18,"5,10,3",1,1.0
