Size,"NWASP,NCK,NEPHRIN",Count,Frequency in clusters of the same size
2,"0,1,1",1,0.09090909090909091
2,"1,1,0",10,0.9090909090909091
3,"1,1,1",2,0.2222222222222222
3,"1,2,0",7,0.7777777777777778
4,"1,2,1",11,1.0
5,"1,3,1",6,0.8571428571428571
5,"2,3,0",1,0.14285714285714285
6,"1,4,1",1,0.5
6,"2,3,1",1,0.5
7,"2,4,1",1,1.0
8,"2,4,2",3,1.0
9,"2,5,2",1,1.0
12,"3,7,2",1,1.0
17,"4,10,3",1,1.0
