Size,"NWASP,NCK,NEPHRIN",Count,Frequency in clusters of the same size
2,"0,1,1",2,0.15384615384615385
2,"1,1,0",11,0.8461538461538461
3,"1,1,1",1,0.14285714285714285
3,"1,2,0",6,0.8571428571428571
4,"1,2,1",4,1.0
5,"1,3,1",6,1.0
6,"2,3,1",2,1.0
7,"1,4,2",1,0.5
7,"2,4,1",1,0.5
8,"2,4,2",1,1.0
9,"2,5,2",1,1.0
11,"3,6,2",2,1.0
20,"5,11,4",1,1.0
33,"9,18,6",1,1.0
