Size,"NWASP,NCK,NEPHRIN",Count,Frequency in clusters of the same size
2,"1,1,0",10,1.0
3,"1,2,0",7,1.0
4,"1,2,1",9,1.0
5,"1,3,1",4,1.0
6,"2,3,1",2,1.0
7,"1,4,2",1,0.3333333333333333
7,"2,4,1",2,0.6666666666666666
9,"2,5,2",2,1.0
11,"2,6,3",1,0.3333333333333333
11,"3,6,2",2,0.6666666666666666
13,"3,7,3",1,1.0
15,"4,8,3",1,1.0
