Size,"NWASP,NCK,NEPHRIN",Count,Frequency in clusters of the same size
2,"0,1,1",2,0.13333333333333333
2,"1,1,0",13,0.8666666666666667
3,"1,1,1",1,0.16666666666666666
3,"1,2,0",5,0.8333333333333334
4,"1,2,1",10,1.0
5,"1,3,1",5,1.0
6,"2,3,1",1,1.0
7,"2,4,1",1,1.0
8,"2,5,1",1,1.0
10,"3,5,2",1,1.0
11,"3,6,2",1,1.0
12,"2,7,3",1,0.5
12,"3,7,2",1,0.5
14,"3,8,3",1,1.0
19,"5,11,3",1,1.0
