Size,"NWASP,NCK,NEPHRIN",Count,Frequency in clusters of the same size
2,"1,1,0",11,1.0
3,"1,1,1",1,0.25
3,"1,2,0",3,0.75
4,"1,2,1",8,1.0
5,"1,3,1",8,1.0
6,"1,4,1",1,0.3333333333333333
6,"2,3,1",2,0.6666666666666666
7,"2,4,1",3,1.0
8,"2,4,2",1,1.0
9,"2,5,2",1,1.0
11,"3,6,2",1,1.0
19,"5,10,4",1,0.5
19,"5,11,3",1,0.5
