Size,"NWASP,NCK,NEPHRIN",Count,Frequency in clusters of the same size
2,"1,1,0",13,1.0
3,"1,1,1",1,0.16666666666666666
3,"1,2,0",5,0.8333333333333334
4,"1,2,1",8,1.0
5,"1,3,1",7,1.0
6,"2,3,1",3,1.0
7,"2,4,1",1,1.0
8,"1,5,2",1,0.25
8,"2,4,2",3,0.75
9,"2,5,2",1,1.0
14,"4,7,3",1,1.0
17,"4,10,3",1,1.0
