Size,"NWASP,NCK,NEPHRIN",Count,Frequency in clusters of the same size
2,"0,1,1",1,0.09090909090909091
2,"1,1,0",10,0.9090909090909091
3,"1,2,0",5,1.0
4,"1,2,1",5,1.0
5,"1,3,1",5,1.0
6,"2,3,1",3,1.0
9,"2,5,2",2,0.6666666666666666
9,"3,5,1",1,0.3333333333333333
11,"3,6,2",1,1.0
14,"3,8,3",1,1.0
15,"4,8,3",1,1.0
18,"4,10,4",1,1.0
22,"6,12,4",1,1.0
