Size,"NWASP,NCK,NEPHRIN",Count,Frequency in clusters of the same size
2,"1,1,0",12,1.0
3,"1,1,1",1,0.25
3,"1,2,0",3,0.75
4,"1,2,1",9,1.0
5,"1,3,1",7,1.0
7,"2,4,1",1,1.0
8,"1,5,2",1,0.5
8,"2,4,2",1,0.5
9,"2,5,2",2,0.6666666666666666
9,"3,5,1",1,0.3333333333333333
11,"3,6,2",2,1.0
13,"4,7,2",1,1.0
17,"5,9,3",1,1.0
