Size,"NWASP,NCK,NEPHRIN",Count,Frequency in clusters of the same size
2,"0,1,1",2,0.15384615384615385
2,"1,1,0",11,0.8461538461538461
3,"1,1,1",1,0.14285714285714285
3,"1,2,0",6,0.8571428571428571
4,"1,2,1",11,1.0
5,"1,3,1",9,0.9
5,"2,2,1",1,0.1
7,"2,4,1",2,1.0
8,"2,4,2",1,1.0
10,"3,5,2",1,1.0
16,"4,9,3",1,1.0
17,"4,10,3",1,1.0
