Size,"NWASP,NCK,NEPHRIN",Count,Frequency in clusters of the same size
2,"1,1,0",7,1.0
3,"1,2,0",6,1.0
4,"1,2,1",8,0.8888888888888888
4,"2,2,0",1,0.1111111111111111
5,"1,3,1",5,1.0
6,"2,3,1",2,1.0
7,"2,4,1",2,1.0
9,"2,5,2",1,1.0
10,"3,5,2",1,1.0
11,"3,6,2",2,1.0
12,"3,7,2",1,1.0
19,"4,11,4",1,1.0
20,"5,11,4",1,1.0
