Size,"NWASP,NCK,NEPHRIN",Count,Frequency in clusters of the same size
2,"0,1,1",1,0.06666666666666667
2,"1,1,0",14,0.9333333333333333
3,"1,2,0",6,1.0
4,"1,2,1",6,1.0
5,"1,3,1",4,1.0
8,"2,4,2",2,1.0
11,"2,6,3",1,0.2
11,"3,6,2",4,0.8
13,"3,7,3",1,1.0
14,"3,8,3",1,1.0
20,"5,11,4",1,1.0
