Size,"NWASP,NCK,NEPHRIN",Count,Frequency in clusters of the same size
2,"0,1,1",4,0.17391304347826086
2,"1,1,0",19,0.8260869565217391
3,"1,1,1",2,0.10526315789473684
3,"1,2,0",17,0.8947368421052632
4,"1,2,1",6,0.8571428571428571
4,"1,3,0",1,0.14285714285714285
5,"1,2,2",1,0.14285714285714285
5,"1,3,1",4,0.5714285714285714
5,"2,3,0",2,0.2857142857142857
6,"1,3,2",1,1.0
8,"1,4,3",1,1.0
9,"2,5,2",1,1.0
