Size,"NWASP,NCK,NEPHRIN",Count,Frequency in clusters of the same size
2,"1,1,0",13,1.0
3,"0,2,1",1,0.25
3,"1,2,0",3,0.75
4,"1,2,1",11,0.9166666666666666
4,"2,2,0",1,0.08333333333333333
5,"1,3,1",3,1.0
6,"2,3,1",2,1.0
7,"2,4,1",2,1.0
8,"2,4,2",2,1.0
9,"2,5,2",3,1.0
11,"3,6,2",2,1.0
15,"4,8,3",1,1.0
