Size,"NWASP,NCK,NEPHRIN",Count,Frequency in clusters of the same size
2,"0,1,1",2,0.18181818181818182
2,"1,1,0",9,0.8181818181818182
3,"1,2,0",5,1.0
4,"1,2,1",2,1.0
5,"1,3,1",4,1.0
6,"2,3,1",2,1.0
7,"2,4,1",3,1.0
9,"2,5,2",2,1.0
10,"2,5,3",1,0.5
10,"2,6,2",1,0.5
11,"3,6,2",5,1.0
19,"5,10,4",1,1.0
