Size,"NWASP,NCK,NEPHRIN",Count,Frequency in clusters of the same size
2,"0,1,1",3,0.15
2,"1,1,0",17,0.85
3,"0,2,1",1,0.1111111111111111
3,"1,2,0",8,0.8888888888888888
4,"1,2,1",11,0.9166666666666666
4,"1,3,0",1,0.08333333333333333
5,"1,3,1",5,0.8333333333333334
5,"2,3,0",1,0.16666666666666666
7,"2,3,2",1,0.3333333333333333
7,"2,4,1",2,0.6666666666666666
8,"2,4,2",1,1.0
9,"2,5,2",2,1.0
11,"3,6,2",1,1.0
