Size,"NWASP,NCK,NEPHRIN",Count,Frequency in clusters of the same size
2,"1,1,0",7,1.0
3,"1,2,0",5,1.0
4,"1,2,1",10,1.0
5,"1,3,1",5,0.8333333333333334
5,"2,3,0",1,0.16666666666666666
6,"1,3,2",2,0.3333333333333333
6,"2,3,1",4,0.6666666666666666
7,"2,4,1",2,1.0
9,"2,5,2",3,1.0
14,"4,8,2",1,1.0
20,"6,11,3",1,1.0
