Size,"NWASP,NCK,NEPHRIN",Count,Frequency in clusters of the same size
2,"1,1,0",12,1.0
3,"1,1,1",1,0.3333333333333333
3,"1,2,0",2,0.6666666666666666
4,"1,2,1",6,0.8571428571428571
4,"1,3,0",1,0.14285714285714285
5,"1,3,1",5,1.0
6,"2,3,1",2,1.0
9,"2,5,2",3,1.0
10,"2,6,2",1,1.0
11,"3,6,2",1,1.0
12,"3,7,2",1,1.0
23,"7,12,4",1,1.0
27,"6,15,6",1,1.0
