Size,"NWASP,NCK,NEPHRIN",Count,Frequency in clusters of the same size
2,"0,1,1",2,0.2222222222222222
2,"1,1,0",7,0.7777777777777778
3,"1,2,0",4,1.0
4,"1,2,1",10,1.0
5,"1,3,1",7,0.7
5,"2,2,1",1,0.1
5,"2,3,0",2,0.2
6,"1,3,2",1,0.2
6,"1,4,1",1,0.2
6,"2,3,1",3,0.6
7,"2,4,1",1,1.0
9,"3,5,1",1,1.0
11,"3,6,2",1,1.0
15,"4,8,3",2,1.0
