Size,"NWASP,NCK,NEPHRIN",Count,Frequency in clusters of the same size
2,"0,1,1",2,0.11764705882352941
2,"1,1,0",15,0.8823529411764706
3,"1,2,0",3,1.0
4,"1,2,1",7,0.875
4,"1,3,0",1,0.125
5,"1,3,1",5,0.8333333333333334
5,"2,3,0",1,0.16666666666666666
6,"1,3,2",1,0.5
6,"2,3,1",1,0.5
7,"2,4,1",2,1.0
9,"2,5,2",1,1.0
10,"2,6,2",1,0.5
10,"3,5,2",1,0.5
12,"3,7,2",1,1.0
14,"3,8,3",1,1.0
23,"6,12,5",1,1.0
