Size,"NWASP,NCK,NEPHRIN",Count,Frequency in clusters of the same size
2,"0,1,1",1,0.08333333333333333
2,"1,1,0",11,0.9166666666666666
3,"1,2,0",1,1.0
4,"1,2,1",4,1.0
5,"1,3,1",5,1.0
6,"1,3,2",1,0.5
6,"2,3,1",1,0.5
7,"2,4,1",4,1.0
9,"2,5,2",1,1.0
10,"3,5,2",1,1.0
11,"3,6,2",1,1.0
15,"4,8,3",1,1.0
24,"6,13,5",1,1.0
30,"8,17,5",1,1.0
