Size,"NWASP,NCK,NEPHRIN",Count,Frequency in clusters of the same size
2,"0,1,1",6,0.17647058823529413
2,"1,1,0",28,0.8235294117647058
3,"0,2,1",2,0.1111111111111111
3,"1,2,0",15,0.8333333333333334
3,"2,1,0",1,0.05555555555555555
4,"1,2,1",1,0.5
4,"2,2,0",1,0.5
5,"2,3,0",1,1.0
6,"1,4,1",1,1.0
