Size,"NWASP,NCK,NEPHRIN",Count,Frequency in clusters of the same size
2,"1,1,0",11,1.0
3,"0,2,1",2,0.18181818181818182
3,"1,1,1",1,0.09090909090909091
3,"1,2,0",8,0.7272727272727273
4,"1,2,1",6,1.0
5,"1,3,1",6,1.0
6,"2,3,1",4,1.0
8,"2,4,2",2,1.0
10,"2,6,2",1,0.3333333333333333
10,"3,5,2",2,0.6666666666666666
14,"3,8,3",1,1.0
16,"3,9,4",1,1.0
