Size,"NWASP,NCK,NEPHRIN",Count,Frequency in clusters of the same size
2,"0,1,1",1,0.1
2,"1,1,0",9,0.9
3,"1,1,1",1,0.2
3,"1,2,0",4,0.8
4,"1,2,1",5,0.8333333333333334
4,"2,2,0",1,0.16666666666666666
5,"1,3,1",8,1.0
6,"2,3,1",2,1.0
7,"2,4,1",2,1.0
8,"2,5,1",1,1.0
9,"2,5,2",1,1.0
11,"3,6,2",2,1.0
13,"3,7,3",2,1.0
18,"5,9,4",1,1.0
