Size,"NWASP,NCK,NEPHRIN",Count,Frequency in clusters of the same size
2,"0,1,1",1,0.058823529411764705
2,"1,1,0",16,0.9411764705882353
3,"0,2,1",1,0.125
3,"1,1,1",1,0.125
3,"1,2,0",6,0.75
4,"1,2,1",11,1.0
5,"1,3,1",4,1.0
6,"1,3,2",1,0.5
6,"2,3,1",1,0.5
8,"2,4,2",2,0.6666666666666666
8,"3,5,0",1,0.3333333333333333
10,"2,6,2",1,1.0
13,"3,8,2",1,1.0
17,"4,9,4",1,1.0
