Size,"NWASP,NCK,NEPHRIN",Count,Frequency in clusters of the same size
2,"0,1,1",1,0.07692307692307693
2,"1,1,0",12,0.9230769230769231
3,"1,2,0",5,1.0
4,"1,2,1",14,1.0
5,"1,3,1",5,1.0
6,"2,3,1",3,1.0
7,"2,4,1",3,1.0
9,"2,5,2",2,1.0
13,"3,7,3",1,1.0
15,"4,8,3",1,1.0
