Size,"NWASP,NCK,NEPHRIN",Count,Frequency in clusters of the same size
2,"1,1,0",9,1.0
3,"1,1,1",1,0.16666666666666666
3,"1,2,0",5,0.8333333333333334
4,"1,2,1",8,1.0
5,"1,3,1",5,1.0
6,"2,3,1",3,1.0
7,"2,4,1",2,1.0
9,"2,5,2",2,1.0
10,"2,6,2",1,1.0
11,"3,6,2",1,1.0
12,"3,7,2",1,1.0
15,"4,8,3",1,1.0
18,"4,10,4",1,1.0
