Size,"NWASP,NCK,NEPHRIN",Count,Frequency in clusters of the same size
2,"1,1,0",9,1.0
3,"1,2,0",5,1.0
4,"1,2,1",3,1.0
5,"1,3,1",4,1.0
7,"2,4,1",2,1.0
8,"1,5,2",1,0.3333333333333333
8,"2,4,2",1,0.3333333333333333
8,"2,5,1",1,0.3333333333333333
10,"3,5,2",2,1.0
11,"3,6,2",2,1.0
12,"3,7,2",1,1.0
15,"4,8,3",1,1.0
17,"4,9,4",1,1.0
21,"6,11,4",1,1.0
