Size,"NWASP,NCK,NEPHRIN",Count,Frequency in clusters of the same size
2,"0,1,1",6,0.21428571428571427
2,"1,1,0",22,0.7857142857142857
3,"0,2,1",2,0.1
3,"1,2,0",18,0.9
4,"1,2,1",7,0.875
4,"2,2,0",1,0.125
5,"1,2,2",1,0.2
5,"1,3,1",3,0.6
5,"2,3,0",1,0.2
6,"2,4,0",1,1.0
