Size,"NWASP,NCK,NEPHRIN",Count,Frequency in clusters of the same size
2,"1,1,0",10,1.0
3,"1,1,1",1,0.2
3,"1,2,0",4,0.8
4,"1,2,1",14,1.0
5,"1,3,1",8,0.8888888888888888
5,"2,3,0",1,0.1111111111111111
6,"1,4,1",1,0.5
6,"2,3,1",1,0.5
7,"2,4,1",1,1.0
8,"2,4,2",1,0.5
8,"2,5,1",1,0.5
11,"3,6,2",1,1.0
12,"3,7,2",1,1.0
14,"4,7,3",1,1.0
