Size,"NWASP,NCK,NEPHRIN",Count,Frequency in clusters of the same size
2,"0,1,1",2,0.1111111111111111
2,"1,1,0",16,0.8888888888888888
3,"0,2,1",1,0.043478260869565216
3,"1,2,0",22,0.9565217391304348
4,"1,2,1",5,1.0
5,"1,2,2",1,0.25
5,"1,3,1",3,0.75
6,"1,3,2",1,1.0
8,"2,4,2",1,1.0
9,"2,5,2",1,1.0
10,"3,5,2",1,1.0
18,"4,10,4",1,1.0
