Size,"NWASP,NCK,NEPHRIN",Count,Frequency in clusters of the same size
2,"0,1,1",1,0.06666666666666667
2,"1,1,0",14,0.9333333333333333
3,"1,1,1",2,0.2857142857142857
3,"1,2,0",5,0.7142857142857143
4,"0,3,1",1,0.09090909090909091
4,"1,2,1",9,0.8181818181818182
4,"2,2,0",1,0.09090909090909091
5,"1,3,1",4,0.8
5,"2,3,0",1,0.2
6,"2,3,1",2,1.0
7,"1,4,2",1,1.0
8,"2,4,2",1,1.0
9,"2,5,2",3,1.0
11,"3,6,2",2,1.0
13,"3,7,3",1,1.0
