Size,"NWASP,NCK,NEPHRIN",Count,Frequency in clusters of the same size
2,"0,1,1",1,0.1
2,"1,1,0",9,0.9
3,"1,1,1",2,0.25
3,"1,2,0",6,0.75
4,"1,2,1",11,1.0
5,"1,3,1",7,0.875
5,"2,3,0",1,0.125
6,"1,4,1",1,0.3333333333333333
6,"2,3,1",2,0.6666666666666666
7,"1,4,2",1,0.5
7,"2,4,1",1,0.5
8,"2,5,1",1,1.0
9,"2,5,2",1,1.0
10,"2,6,2",1,0.5
10,"3,5,2",1,0.5
11,"3,6,2",1,1.0
