Size,"NWASP,NCK,NEPHRIN",Count,Frequency in clusters of the same size
2,"0,1,1",2,0.15384615384615385
2,"1,1,0",11,0.8461538461538461
3,"1,2,0",6,1.0
4,"1,2,1",10,1.0
5,"1,3,1",6,0.8571428571428571
5,"2,2,1",1,0.14285714285714285
8,"2,4,2",1,1.0
10,"3,5,2",1,0.5
10,"3,6,1",1,0.5
11,"3,6,2",1,1.0
13,"3,7,3",1,1.0
16,"4,9,3",1,1.0
17,"5,9,3",1,1.0
