Size,"NWASP,NCK,NEPHRIN",Count,Frequency in clusters of the same size
2,"0,1,1",1,0.1111111111111111
2,"1,1,0",8,0.8888888888888888
3,"1,1,1",1,0.2
3,"1,2,0",4,0.8
4,"1,2,1",8,1.0
5,"1,3,1",8,1.0
6,"2,3,1",2,1.0
7,"2,4,1",2,1.0
11,"3,6,2",2,1.0
14,"4,7,3",1,1.0
16,"4,9,3",1,1.0
23,"6,13,4",1,1.0
