Size,"NWASP,NCK,NEPHRIN",Count,Frequency in clusters of the same size
2,"0,1,1",1,0.09090909090909091
2,"1,1,0",10,0.9090909090909091
3,"1,2,0",5,1.0
4,"1,2,1",11,1.0
5,"1,3,1",3,1.0
7,"2,4,1",1,0.5
7,"3,3,1",1,0.5
9,"2,5,2",1,1.0
10,"2,6,2",1,1.0
11,"3,6,2",4,1.0
13,"3,7,3",1,1.0
20,"5,11,4",1,1.0
