Size,"NWASP,NCK,NEPHRIN",Count,Frequency in clusters of the same size
2,"1,1,0",11,1.0
3,"1,2,0",4,1.0
4,"1,2,1",12,1.0
5,"1,3,1",10,1.0
6,"1,4,1",1,0.16666666666666666
6,"2,3,1",5,0.8333333333333334
7,"2,4,1",1,1.0
12,"3,7,2",1,1.0
22,"6,12,4",1,1.0
