Size,"NWASP,NCK,NEPHRIN",Count,Frequency in clusters of the same size
2,"1,1,0",12,1.0
3,"1,2,0",1,1.0
4,"1,2,1",10,0.9090909090909091
4,"2,2,0",1,0.09090909090909091
5,"1,3,1",4,0.8
5,"2,2,1",1,0.2
6,"2,3,1",1,1.0
7,"2,4,1",1,1.0
9,"2,5,2",2,0.6666666666666666
9,"3,5,1",1,0.3333333333333333
11,"3,6,2",1,1.0
16,"4,9,3",1,1.0
17,"4,9,4",1,1.0
23,"5,13,5",1,1.0
