Size,"NWASP,NCK,NEPHRIN",Count,Frequency in clusters of the same size
2,"1,1,0",12,1.0
3,"1,2,0",4,1.0
4,"1,2,1",5,0.8333333333333334
4,"1,3,0",1,0.16666666666666666
5,"1,3,1",7,1.0
6,"2,3,1",2,1.0
7,"1,4,2",1,1.0
9,"2,5,2",1,0.5
9,"3,4,2",1,0.5
13,"3,7,3",2,1.0
14,"3,8,3",1,1.0
17,"5,9,3",1,1.0
20,"5,11,4",1,1.0
