Size,"NWASP,NCK,NEPHRIN",Count,Frequency in clusters of the same size
2,"0,1,1",1,0.1
2,"1,1,0",9,0.9
3,"1,2,0",6,1.0
4,"1,2,1",12,1.0
5,"1,3,1",6,0.8571428571428571
5,"2,2,1",1,0.14285714285714285
6,"1,3,2",1,0.25
6,"1,4,1",1,0.25
6,"2,3,1",2,0.5
7,"2,4,1",2,1.0
10,"3,5,2",1,1.0
11,"3,6,2",1,1.0
24,"6,13,5",1,1.0
