Size,"NWASP,NCK,NEPHRIN",Count,Frequency in clusters of the same size
2,"0,1,1",2,0.1
2,"1,1,0",18,0.9
3,"0,2,1",1,0.06666666666666667
3,"1,1,1",2,0.13333333333333333
3,"1,2,0",12,0.8
4,"1,2,1",11,1.0
5,"1,3,1",6,1.0
7,"1,4,2",2,1.0
8,"2,4,2",1,1.0
9,"2,5,2",1,1.0
11,"3,6,2",1,1.0
