Size,"NWASP,NCK,NEPHRIN",Count,Frequency in clusters of the same size
2,"1,1,0",7,1.0
3,"1,2,0",3,1.0
4,"1,2,1",10,1.0
5,"1,3,1",8,1.0
6,"2,3,1",3,0.75
6,"2,4,0",1,0.25
7,"2,4,1",2,1.0
8,"2,4,2",1,1.0
9,"2,5,2",2,1.0
10,"2,6,2",1,0.3333333333333333
10,"3,5,2",1,0.3333333333333333
10,"3,6,1",1,0.3333333333333333
12,"3,7,2",1,1.0
