Size,"NWASP,NCK,NEPHRIN",Count,Frequency in clusters of the same size
2,"0,1,1",1,0.1
2,"1,1,0",9,0.9
3,"1,2,0",6,1.0
4,"1,2,1",6,0.8571428571428571
4,"2,2,0",1,0.14285714285714285
5,"1,3,1",7,1.0
6,"1,4,1",1,0.3333333333333333
6,"2,3,1",2,0.6666666666666666
7,"2,4,1",1,1.0
8,"1,5,2",1,0.3333333333333333
8,"2,4,2",2,0.6666666666666666
9,"2,5,2",1,1.0
15,"3,9,3",1,1.0
17,"5,9,3",1,1.0
22,"6,12,4",1,1.0
