Size,"NWASP,NCK,NEPHRIN",Count,Frequency in clusters of the same size
2,"1,1,0",7,1.0
3,"0,2,1",1,0.07692307692307693
3,"1,1,1",1,0.07692307692307693
3,"1,2,0",11,0.8461538461538461
4,"1,2,1",12,1.0
5,"1,3,1",7,0.875
5,"2,2,1",1,0.125
6,"1,3,2",1,1.0
7,"2,4,1",1,1.0
8,"2,5,1",1,1.0
10,"3,5,2",2,1.0
13,"4,7,2",1,1.0
15,"4,8,3",1,1.0
