Size,"NWASP,NCK,NEPHRIN",Count,Frequency in clusters of the same size
2,"0,1,1",1,0.08333333333333333
2,"1,1,0",11,0.9166666666666666
3,"1,2,0",4,1.0
4,"1,2,1",4,1.0
5,"1,3,1",5,0.8333333333333334
5,"2,3,0",1,0.16666666666666666
6,"2,3,1",1,1.0
8,"1,5,2",1,0.5
8,"2,4,2",1,0.5
10,"3,5,2",1,1.0
11,"3,6,2",3,1.0
14,"3,8,3",1,1.0
15,"4,8,3",2,1.0
16,"5,8,3",1,1.0
