Size,"NWASP,NCK,NEPHRIN",Count,Frequency in clusters of the same size
2,"0,1,1",1,0.07692307692307693
2,"1,1,0",12,0.9230769230769231
3,"1,1,1",1,0.5
3,"1,2,0",1,0.5
4,"1,2,1",7,1.0
5,"1,3,1",4,1.0
6,"1,4,1",1,0.5
6,"2,3,1",1,0.5
8,"2,4,2",1,1.0
9,"2,5,2",1,0.5
9,"3,5,1",1,0.5
10,"3,5,2",1,1.0
11,"3,6,2",3,1.0
22,"6,12,4",1,1.0
23,"7,12,4",1,1.0
