Size,"NWASP,NCK,NEPHRIN",Count,Frequency in clusters of the same size
2,"1,1,0",10,1.0
3,"1,1,1",2,0.2857142857142857
3,"1,2,0",5,0.7142857142857143
4,"1,2,1",14,1.0
5,"1,3,1",4,1.0
6,"1,4,1",1,0.5
6,"2,3,1",1,0.5
9,"2,5,2",1,1.0
11,"3,6,2",2,1.0
12,"3,7,2",1,1.0
15,"3,9,3",1,1.0
17,"4,10,3",1,1.0
