Size,"NWASP,NCK,NEPHRIN",Count,Frequency in clusters of the same size
2,"0,1,1",2,0.1
2,"1,1,0",18,0.9
3,"0,2,1",1,0.1111111111111111
3,"1,1,1",1,0.1111111111111111
3,"1,2,0",7,0.7777777777777778
4,"1,2,1",13,1.0
5,"1,3,1",4,1.0
6,"2,3,1",1,1.0
10,"2,6,2",1,1.0
13,"3,7,3",1,1.0
15,"3,8,4",1,1.0
19,"5,10,4",1,1.0
