Size,"NWASP,NCK,NEPHRIN",Count,Frequency in clusters of the same size
2,"0,1,1",1,0.09090909090909091
2,"1,1,0",10,0.9090909090909091
3,"1,2,0",4,1.0
4,"1,2,1",11,1.0
5,"1,3,1",5,1.0
6,"1,4,1",1,0.25
6,"2,3,1",3,0.75
7,"2,4,1",2,1.0
9,"2,5,2",2,1.0
10,"3,5,2",1,1.0
11,"3,6,2",1,1.0
25,"7,14,4",1,1.0
