Size,"NWASP,NCK,NEPHRIN",Count,Frequency in clusters of the same size
2,"1,1,0",12,1.0
3,"0,2,1",1,0.3333333333333333
3,"1,2,0",2,0.6666666666666666
4,"1,2,1",9,0.9
4,"1,3,0",1,0.1
5,"1,3,1",4,0.8
5,"2,3,0",1,0.2
6,"2,3,1",2,1.0
7,"2,4,1",2,1.0
8,"2,4,2",1,1.0
9,"2,5,2",2,1.0
10,"2,6,2",1,1.0
11,"3,6,2",2,1.0
13,"3,7,3",2,1.0
