Size,"NWASP,NCK,NEPHRIN",Count,Frequency in clusters of the same size
2,"0,1,1",1,0.07692307692307693
2,"1,1,0",12,0.9230769230769231
3,"1,2,0",3,1.0
4,"1,2,1",3,1.0
5,"1,3,1",8,1.0
6,"2,3,1",4,1.0
7,"2,4,1",2,1.0
9,"2,5,2",2,1.0
10,"2,6,2",1,1.0
11,"3,6,2",1,1.0
12,"3,6,3",1,0.3333333333333333
12,"3,7,2",2,0.6666666666666666
13,"3,7,3",1,1.0
