Size,"NWASP,NCK,NEPHRIN",Count,Frequency in clusters of the same size
2,"0,1,1",8,0.25806451612903225
2,"1,1,0",23,0.7419354838709677
3,"1,2,0",16,1.0
4,"0,3,1",1,0.14285714285714285
4,"1,2,1",6,0.8571428571428571
5,"1,3,1",5,0.7142857142857143
5,"2,3,0",2,0.2857142857142857
6,"2,4,0",1,1.0
7,"2,3,2",1,1.0
