Size,"NWASP,NCK,NEPHRIN",Count,Frequency in clusters of the same size
2,"0,1,1",2,0.15384615384615385
2,"1,1,0",11,0.8461538461538461
3,"1,1,1",1,0.2
3,"1,2,0",4,0.8
4,"1,2,1",4,1.0
5,"1,3,1",5,1.0
6,"1,4,1",1,0.3333333333333333
6,"2,3,1",2,0.6666666666666666
7,"2,4,1",2,1.0
8,"2,5,1",1,1.0
10,"2,6,2",2,0.6666666666666666
10,"3,5,2",1,0.3333333333333333
11,"3,6,2",1,1.0
12,"3,6,3",1,0.3333333333333333
12,"3,7,2",2,0.6666666666666666
16,"4,9,3",1,1.0
