Size,"NWASP,NCK,NEPHRIN",Count,Frequency in clusters of the same size
2,"0,1,1",1,0.1
2,"1,1,0",9,0.9
3,"0,2,1",1,0.14285714285714285
3,"1,2,0",6,0.8571428571428571
4,"1,2,1",9,1.0
5,"1,3,1",5,1.0
6,"1,4,1",1,0.25
6,"2,3,1",3,0.75
7,"2,4,1",1,1.0
9,"2,5,2",2,0.6666666666666666
9,"3,5,1",1,0.3333333333333333
10,"2,6,2",1,1.0
11,"3,6,2",2,1.0
15,"4,8,3",1,1.0
