Size,"NWASP,NCK,NEPHRIN",Count,Frequency in clusters of the same size
2,"1,1,0",12,1.0
3,"1,2,0",6,1.0
4,"1,2,1",9,1.0
5,"1,3,1",3,1.0
6,"2,3,1",1,1.0
7,"2,4,1",1,1.0
8,"2,4,2",1,1.0
9,"2,5,2",1,1.0
10,"3,5,2",1,1.0
11,"2,6,3",1,0.3333333333333333
11,"3,6,2",2,0.6666666666666666
13,"3,7,3",1,1.0
14,"3,8,3",1,1.0
15,"4,8,3",1,1.0
