Size,"NWASP,NCK,NEPHRIN",Count,Frequency in clusters of the same size
2,"1,1,0",7,1.0
3,"1,2,0",4,1.0
4,"1,2,1",9,0.9
4,"2,2,0",1,0.1
5,"1,3,1",6,1.0
6,"2,3,1",4,1.0
7,"2,4,1",1,1.0
9,"2,5,2",1,1.0
10,"2,6,2",1,0.3333333333333333
10,"3,5,2",2,0.6666666666666666
11,"3,6,2",1,1.0
15,"4,8,3",1,1.0
19,"5,11,3",1,1.0
