Size,"NWASP,NCK,NEPHRIN",Count,Frequency in clusters of the same size
2,"1,1,0",10,1.0
3,"1,1,1",1,0.14285714285714285
3,"1,2,0",6,0.8571428571428571
4,"1,2,1",11,1.0
5,"1,3,1",10,0.9090909090909091
5,"2,3,0",1,0.09090909090909091
6,"2,3,1",3,1.0
7,"1,4,2",2,1.0
13,"3,7,3",1,1.0
22,"5,13,4",1,1.0
