Size,"NWASP,NCK,NEPHRIN",Count,Frequency in clusters of the same size
2,"1,1,0",8,1.0
3,"1,1,1",2,0.2857142857142857
3,"1,2,0",5,0.7142857142857143
4,"1,2,1",12,0.9230769230769231
4,"2,2,0",1,0.07692307692307693
5,"1,3,1",4,1.0
7,"2,4,1",1,1.0
9,"2,5,2",1,1.0
10,"3,5,2",1,1.0
11,"3,6,2",1,1.0
12,"3,7,2",1,1.0
14,"3,8,3",1,1.0
15,"3,9,3",1,1.0
16,"4,9,3",1,1.0
