Size,"NWASP,NCK,NEPHRIN",Count,Frequency in clusters of the same size
2,"0,1,1",1,0.06666666666666667
2,"1,1,0",14,0.9333333333333333
3,"1,2,0",4,1.0
4,"1,2,1",10,1.0
5,"1,3,1",3,1.0
6,"2,3,1",3,1.0
8,"2,4,2",1,0.5
8,"2,5,1",1,0.5
11,"3,6,2",1,1.0
12,"3,6,3",1,1.0
16,"4,9,3",2,1.0
17,"4,9,4",1,1.0
