Size,"NWASP,NCK,NEPHRIN",Count,Frequency in clusters of the same size
2,"0,1,1",1,0.07692307692307693
2,"1,1,0",12,0.9230769230769231
3,"0,2,1",1,0.125
3,"1,2,0",7,0.875
4,"1,2,1",11,1.0
5,"1,3,1",4,1.0
6,"2,3,1",1,1.0
8,"2,4,2",1,1.0
10,"2,6,2",1,1.0
11,"3,6,2",2,1.0
13,"3,7,3",1,1.0
15,"4,8,3",1,1.0
20,"5,11,4",1,1.0
