Size,"NWASP,NCK,NEPHRIN",Count,Frequency in clusters of the same size
2,"1,1,0",10,1.0
3,"1,1,1",2,0.2857142857142857
3,"1,2,0",5,0.7142857142857143
4,"1,2,1",6,1.0
5,"1,3,1",6,1.0
7,"2,4,1",2,1.0
9,"2,5,2",2,1.0
10,"2,6,2",2,1.0
11,"3,6,2",3,1.0
12,"3,7,2",1,1.0
18,"4,10,4",1,1.0
