Size,"NWASP,NCK,NEPHRIN",Count,Frequency in clusters of the same size
2,"0,1,1",10,0.3225806451612903
2,"1,1,0",21,0.6774193548387096
3,"0,2,1",1,0.045454545454545456
3,"1,1,1",1,0.045454545454545456
3,"1,2,0",20,0.9090909090909091
4,"1,2,1",4,0.5
4,"1,3,0",4,0.5
5,"2,3,0",1,1.0
6,"1,4,1",2,1.0
