Size,"NWASP,NCK,NEPHRIN",Count,Frequency in clusters of the same size
2,"0,1,1",2,0.15384615384615385
2,"1,1,0",11,0.8461538461538461
3,"1,1,1",1,0.14285714285714285
3,"1,2,0",6,0.8571428571428571
4,"1,2,1",11,1.0
5,"1,3,1",8,1.0
6,"2,3,1",2,1.0
7,"2,4,1",1,1.0
14,"3,8,3",1,1.0
17,"4,9,4",1,1.0
22,"5,13,4",1,1.0
