Size,"NWASP,NCK,NEPHRIN",Count,Frequency in clusters of the same size
2,"1,1,0",12,1.0
3,"0,2,1",1,0.14285714285714285
3,"1,1,1",1,0.14285714285714285
3,"1,2,0",5,0.7142857142857143
4,"1,2,1",5,1.0
5,"1,3,1",4,0.8
5,"2,2,1",1,0.2
6,"2,4,0",1,1.0
7,"2,4,1",1,1.0
8,"2,4,2",1,1.0
10,"2,6,2",1,0.5
10,"3,5,2",1,0.5
11,"2,6,3",1,0.25
11,"2,7,2",1,0.25
11,"3,6,2",2,0.5
18,"4,10,4",1,1.0
19,"5,10,4",1,1.0
