Size,"NWASP,NCK,NEPHRIN",Count,Frequency in clusters of the same size
2,"1,1,0",14,1.0
3,"1,1,1",1,0.16666666666666666
3,"1,2,0",5,0.8333333333333334
4,"1,2,1",11,1.0
5,"1,3,1",3,1.0
6,"2,3,1",2,1.0
7,"1,4,2",1,0.25
7,"2,4,1",3,0.75
8,"2,4,2",3,1.0
9,"2,5,2",2,1.0
11,"2,6,3",1,1.0
