Size,"NWASP,NCK,NEPHRIN",Count,Frequency in clusters of the same size
2,"0,1,1",1,0.08333333333333333
2,"1,1,0",11,0.9166666666666666
3,"1,1,1",1,0.25
3,"1,2,0",3,0.75
4,"1,2,1",4,1.0
5,"1,3,1",6,1.0
6,"2,3,1",1,1.0
7,"2,4,1",3,1.0
9,"2,5,2",2,1.0
10,"2,6,2",1,0.3333333333333333
10,"3,5,2",2,0.6666666666666666
11,"3,6,2",1,1.0
13,"4,7,2",1,1.0
14,"3,8,3",1,1.0
16,"4,9,3",1,1.0
