Size,"NWASP,NCK,NEPHRIN",Count,Frequency in clusters of the same size
2,"1,1,0",8,1.0
3,"1,2,0",4,1.0
4,"1,2,1",11,0.9166666666666666
4,"1,3,0",1,0.08333333333333333
5,"1,3,1",6,1.0
6,"2,3,1",2,1.0
7,"2,4,1",3,1.0
8,"2,5,1",1,1.0
9,"2,5,2",1,1.0
11,"3,6,2",2,1.0
16,"4,9,3",1,1.0
17,"4,9,4",1,1.0
