Size,"NWASP,NCK,NEPHRIN",Count,Frequency in clusters of the same size
2,"0,1,1",1,0.05555555555555555
2,"1,1,0",17,0.9444444444444444
3,"1,2,0",3,1.0
4,"1,2,1",6,0.8571428571428571
4,"2,2,0",1,0.14285714285714285
5,"1,3,1",6,1.0
6,"2,3,1",1,1.0
7,"1,4,2",1,0.5
7,"2,4,1",1,0.5
9,"2,5,2",1,1.0
10,"2,6,2",1,0.3333333333333333
10,"3,5,2",2,0.6666666666666666
11,"2,6,3",1,0.5
11,"3,6,2",1,0.5
13,"3,7,3",2,1.0
