Size,"NWASP,NCK,NEPHRIN",Count,Frequency in clusters of the same size
2,"0,1,1",2,0.15384615384615385
2,"1,1,0",11,0.8461538461538461
3,"1,2,0",4,1.0
4,"1,2,1",7,1.0
5,"1,3,1",4,1.0
6,"2,3,1",1,1.0
9,"2,5,2",2,1.0
11,"2,7,2",1,0.5
11,"3,6,2",1,0.5
13,"2,8,3",1,0.25
13,"3,7,3",1,0.25
13,"4,7,2",2,0.5
21,"5,12,4",1,1.0
