Size,"NWASP,NCK,NEPHRIN",Count,Frequency in clusters of the same size
2,"1,1,0",6,1.0
3,"1,2,0",4,1.0
4,"1,2,1",8,1.0
5,"1,3,1",6,1.0
6,"2,3,1",4,1.0
7,"1,4,2",1,0.3333333333333333
7,"2,4,1",2,0.6666666666666666
9,"2,5,2",1,1.0
10,"3,5,2",1,1.0
11,"3,6,2",1,1.0
12,"3,7,2",1,1.0
16,"4,9,3",1,1.0
17,"4,10,3",1,1.0
