Size,"NWASP,NCK,NEPHRIN",Count,Frequency in clusters of the same size
2,"1,1,0",13,1.0
3,"0,2,1",2,0.2857142857142857
3,"1,2,0",5,0.7142857142857143
4,"1,2,1",8,1.0
5,"1,3,1",6,1.0
6,"2,3,1",4,1.0
7,"1,4,2",1,0.5
7,"2,4,1",1,0.5
10,"2,6,2",2,1.0
11,"3,6,2",1,1.0
13,"3,7,3",1,1.0
19,"5,10,4",1,1.0
