Size,"NWASP,NCK,NEPHRIN",Count,Frequency in clusters of the same size
2,"1,1,0",9,1.0
3,"1,2,0",2,1.0
4,"1,2,1",8,0.8888888888888888
4,"2,2,0",1,0.1111111111111111
5,"1,3,1",5,1.0
6,"2,3,1",5,1.0
7,"2,4,1",2,1.0
8,"2,4,2",1,1.0
9,"2,5,2",2,1.0
10,"3,5,2",1,1.0
11,"3,6,2",1,1.0
15,"4,8,3",2,1.0
