Size,"NWASP,NCK,NEPHRIN",Count,Frequency in clusters of the same size
2,"0,1,1",1,0.09090909090909091
2,"1,1,0",10,0.9090909090909091
3,"1,1,1",1,0.2
3,"1,2,0",4,0.8
4,"1,2,1",5,1.0
5,"1,3,1",8,0.8888888888888888
5,"2,2,1",1,0.1111111111111111
6,"2,3,1",1,1.0
7,"2,4,1",2,1.0
8,"2,4,2",1,0.5
8,"3,4,1",1,0.5
9,"2,5,2",1,1.0
10,"3,5,2",1,1.0
14,"3,8,3",1,1.0
16,"4,9,3",1,1.0
17,"4,9,4",1,1.0
