Size,"NWASP,NCK,NEPHRIN",Count,Frequency in clusters of the same size
2,"1,1,0",11,1.0
3,"1,1,1",1,0.25
3,"1,2,0",3,0.75
4,"1,2,1",8,0.8888888888888888
4,"2,2,0",1,0.1111111111111111
5,"1,3,1",3,0.6
5,"2,2,1",2,0.4
6,"1,4,1",1,0.25
6,"2,3,1",3,0.75
7,"2,4,1",2,1.0
9,"2,5,2",3,1.0
11,"2,6,3",1,1.0
14,"3,8,3",1,1.0
21,"6,11,4",1,1.0
