Size,"NWASP,NCK,NEPHRIN",Count,Frequency in clusters of the same size
2,"0,1,1",2,0.1111111111111111
2,"1,1,0",16,0.8888888888888888
3,"0,2,1",1,0.16666666666666666
3,"1,2,0",5,0.8333333333333334
4,"1,2,1",13,0.9285714285714286
4,"1,3,0",1,0.07142857142857142
5,"1,3,1",2,1.0
6,"1,3,2",1,0.2
6,"1,4,1",1,0.2
6,"2,3,1",3,0.6
8,"2,4,2",2,1.0
11,"3,6,2",2,1.0
13,"3,7,3",1,1.0
