Size,"NWASP,NCK,NEPHRIN",Count,Frequency in clusters of the same size
2,"0,1,1",1,0.0625
2,"1,1,0",15,0.9375
3,"1,1,1",1,0.16666666666666666
3,"1,2,0",5,0.8333333333333334
4,"1,2,1",15,1.0
5,"1,3,1",12,1.0
6,"2,3,1",3,1.0
7,"1,4,2",1,1.0
8,"2,4,2",1,1.0
