Size,"NWASP,NCK,NEPHRIN",Count,Frequency in clusters of the same size
2,"0,1,1",1,0.25
2,"1,1,0",3,0.75
3,"0,2,1",1,0.1111111111111111
3,"1,1,1",1,0.1111111111111111
3,"1,2,0",7,0.7777777777777778
4,"1,2,1",7,0.875
4,"2,2,0",1,0.125
5,"1,3,1",8,0.8888888888888888
5,"2,3,0",1,0.1111111111111111
6,"2,3,1",1,1.0
7,"2,4,1",1,1.0
9,"2,5,2",1,0.5
9,"3,5,1",1,0.5
11,"3,6,2",2,1.0
15,"4,8,3",3,1.0
