Size,"NWASP,NCK,NEPHRIN",Count,Frequency in clusters of the same size
2,"0,1,1",3,0.21428571428571427
2,"1,1,0",11,0.7857142857142857
3,"1,1,1",1,0.16666666666666666
3,"1,2,0",5,0.8333333333333334
4,"1,2,1",8,1.0
5,"1,3,1",7,1.0
6,"2,3,1",6,1.0
7,"2,4,1",2,1.0
9,"2,5,2",1,1.0
10,"2,6,2",1,1.0
11,"3,6,2",1,1.0
16,"4,9,3",1,1.0
