Size,"NWASP,NCK,NEPHRIN",Count,Frequency in clusters of the same size
2,"1,1,0",11,1.0
3,"1,2,0",2,1.0
4,"1,2,1",6,0.8571428571428571
4,"1,3,0",1,0.14285714285714285
5,"1,3,1",7,1.0
6,"1,3,2",1,0.25
6,"2,3,1",3,0.75
7,"2,4,1",3,1.0
9,"3,4,2",1,1.0
18,"4,10,4",1,1.0
19,"5,11,3",1,1.0
26,"6,14,6",1,1.0
