Size,"NWASP,NCK,NEPHRIN",Count,Frequency in clusters of the same size
2,"0,1,1",1,0.07142857142857142
2,"1,1,0",13,0.9285714285714286
3,"1,1,1",1,0.1111111111111111
3,"1,2,0",8,0.8888888888888888
4,"0,3,1",1,0.1
4,"1,2,1",9,0.9
5,"1,3,1",4,1.0
6,"2,3,1",1,1.0
7,"1,4,2",1,0.3333333333333333
7,"2,3,2",1,0.3333333333333333
7,"2,4,1",1,0.3333333333333333
8,"2,4,2",1,1.0
9,"2,5,2",1,1.0
10,"2,6,2",2,1.0
15,"4,8,3",1,1.0
16,"4,9,3",1,1.0
