Size,"NWASP,NCK,NEPHRIN",Count,Frequency in clusters of the same size
2,"0,1,1",8,0.25806451612903225
2,"1,1,0",23,0.7419354838709677
3,"0,2,1",2,0.1
3,"1,2,0",18,0.9
4,"1,2,1",1,0.25
4,"1,3,0",2,0.5
4,"2,2,0",1,0.25
5,"1,2,2",1,0.2
5,"1,3,1",4,0.8
6,"1,4,1",1,0.5
6,"2,4,0",1,0.5
