Size,"NWASP,NCK,NEPHRIN",Count,Frequency in clusters of the same size
2,"0,1,1",1,0.07142857142857142
2,"1,1,0",13,0.9285714285714286
3,"1,2,0",6,1.0
4,"0,3,1",1,0.07142857142857142
4,"1,2,1",13,0.9285714285714286
5,"1,3,1",5,0.8333333333333334
5,"2,3,0",1,0.16666666666666666
6,"2,3,1",1,1.0
7,"2,4,1",1,1.0
8,"1,5,2",1,0.5
8,"2,4,2",1,0.5
9,"2,5,2",2,1.0
11,"3,6,2",1,1.0
18,"5,9,4",1,1.0
