Size,"NWASP,NCK,NEPHRIN",Count,Frequency in clusters of the same size
2,"0,1,1",1,0.07142857142857142
2,"1,1,0",13,0.9285714285714286
3,"1,2,0",3,1.0
4,"1,2,1",10,0.9090909090909091
4,"1,3,0",1,0.09090909090909091
5,"1,3,1",8,1.0
6,"2,3,1",2,1.0
7,"2,4,1",2,1.0
8,"2,4,2",1,1.0
10,"2,6,2",1,0.5
10,"3,5,2",1,0.5
11,"3,6,2",1,1.0
12,"3,7,2",1,1.0
15,"4,8,3",1,1.0
