Size,"NWASP,NCK,NEPHRIN",Count,Frequency in clusters of the same size
2,"0,1,1",1,0.07692307692307693
2,"1,1,0",12,0.9230769230769231
3,"0,2,1",1,0.3333333333333333
3,"1,1,1",1,0.3333333333333333
3,"1,2,0",1,0.3333333333333333
4,"1,2,1",6,1.0
5,"1,3,1",5,1.0
6,"2,3,1",3,1.0
7,"2,4,1",2,1.0
8,"2,4,2",1,0.5
8,"2,5,1",1,0.5
9,"2,5,2",1,1.0
11,"3,6,2",3,1.0
12,"3,7,2",1,1.0
21,"6,11,4",1,1.0
