Size,"NWASP,NCK,NEPHRIN",Count,Frequency in clusters of the same size
2,"0,1,1",1,0.05555555555555555
2,"1,1,0",17,0.9444444444444444
3,"0,2,1",1,0.1
3,"1,1,1",2,0.2
3,"1,2,0",7,0.7
4,"1,2,1",11,1.0
5,"1,3,1",5,1.0
7,"1,4,2",1,1.0
10,"2,5,3",1,1.0
15,"4,8,3",1,1.0
16,"4,9,3",1,1.0
17,"4,9,4",1,1.0
