Size,"NWASP,NCK,NEPHRIN",Count,Frequency in clusters of the same size
2,"0,1,1",1,0.09090909090909091
2,"1,1,0",10,0.9090909090909091
3,"0,2,1",1,0.125
3,"1,1,1",1,0.125
3,"1,2,0",6,0.75
4,"1,2,1",9,1.0
5,"1,3,1",3,1.0
6,"2,3,1",1,1.0
7,"2,4,1",1,1.0
10,"3,5,2",1,1.0
11,"3,6,2",2,1.0
12,"3,7,2",1,1.0
15,"4,8,3",1,1.0
17,"4,9,4",1,1.0
21,"5,12,4",1,1.0
