Size,"NWASP,NCK,NEPHRIN",Count,Frequency in clusters of the same size
2,"0,1,1",1,0.08333333333333333
2,"1,1,0",11,0.9166666666666666
3,"1,2,0",3,1.0
4,"1,2,1",11,0.8461538461538461
4,"2,2,0",2,0.15384615384615385
5,"1,3,1",3,1.0
7,"2,4,1",5,1.0
8,"1,5,2",1,0.5
8,"2,4,2",1,0.5
9,"2,5,2",1,1.0
11,"3,6,2",2,1.0
12,"3,6,3",1,1.0
14,"3,8,3",1,1.0
