Size,"NWASP,NCK,NEPHRIN",Count,Frequency in clusters of the same size
2,"0,1,1",4,0.21052631578947367
2,"1,1,0",15,0.7894736842105263
3,"0,2,1",1,0.038461538461538464
3,"1,1,1",1,0.038461538461538464
3,"1,2,0",24,0.9230769230769231
4,"1,2,1",5,1.0
5,"1,3,1",4,1.0
6,"1,4,1",1,1.0
7,"1,4,2",1,0.5
7,"2,3,2",1,0.5
8,"2,4,2",1,1.0
9,"2,5,2",1,1.0
