Size,"NWASP,NCK,NEPHRIN",Count,Frequency in clusters of the same size
2,"1,1,0",9,1.0
3,"1,2,0",5,1.0
4,"1,2,1",8,0.8888888888888888
4,"1,3,0",1,0.1111111111111111
5,"1,3,1",6,1.0
6,"2,3,1",3,1.0
7,"2,4,1",2,1.0
9,"2,5,2",1,1.0
10,"2,6,2",1,1.0
11,"3,6,2",3,1.0
14,"4,7,3",1,1.0
16,"4,9,3",1,1.0
