Size,"NWASP,NCK,NEPHRIN",Count,Frequency in clusters of the same size
2,"1,1,0",22,1.0
3,"1,1,1",1,0.09090909090909091
3,"1,2,0",10,0.9090909090909091
4,"1,2,1",5,0.8333333333333334
4,"1,3,0",1,0.16666666666666666
5,"1,3,1",5,1.0
6,"1,3,2",2,1.0
7,"2,4,1",1,1.0
8,"2,4,2",1,1.0
9,"2,5,2",1,1.0
10,"2,5,3",1,0.5
10,"2,6,2",1,0.5
11,"3,6,2",1,1.0
