Cluster size,frequency,foTM
1,0.1637806637806637,0.0416666666666666
2,0.1721019721019721,0.074074074074074
3,0.0793650793650793,0.0555555555555555
4,0.2223665223665223,0.2037037037037037
5,0.075998075998076,0.0925925925925926
6,0.0151515151515151,0.0277777777777777
7,0.0571428571428571,0.0648148148148148
9,0.0389610389610389,0.0833333333333333
10,0.0238095238095238,0.0462962962962963
11,0.1179894179894179,0.2546296296296296
12,0.0333333333333333,0.0555555555555555
