Cluster size,frequency,foTM
1,0.1578282828282828,0.0416666666666666
2,0.2317520442520442,0.1111111111111111
3,0.1153499278499278,0.0833333333333333
4,0.1740319865319865,0.1851851851851852
5,0.0793650793650793,0.0925925925925926
6,0.083994708994709,0.1111111111111111
9,0.0846560846560846,0.1666666666666666
10,0.0185185185185185,0.0462962962962963
11,0.0336700336700336,0.1018518518518518
13,0.0208333333333333,0.0601851851851851
