Cluster size,frequency,foTM
1,0.1696428571428571,0.037037037037037
2,0.1779761904761904,0.074074074074074
3,0.0446428571428571,0.0277777777777777
4,0.2363095238095237,0.2037037037037037
5,0.0999999999999999,0.1157407407407407
6,0.0738095238095238,0.1111111111111111
9,0.0446428571428571,0.0833333333333333
11,0.0446428571428571,0.1018518518518518
12,0.0416666666666666,0.1111111111111111
13,0.0333333333333333,0.0601851851851851
16,0.0333333333333333,0.074074074074074
