Size,Count,Frequency,Fraction of total molecules
1,2,0.2,0.05555555555555555
2,3,0.3,0.16666666666666666
4,2,0.2,0.2222222222222222
5,1,0.1,0.1388888888888889
6,1,0.1,0.16666666666666666
9,1,0.1,0.25
