Size,Count,Frequency,Fraction of total molecules
1,3,0.375,0.08333333333333333
4,1,0.125,0.1111111111111111
6,2,0.25,0.3333333333333333
7,1,0.125,0.19444444444444445
10,1,0.125,0.2777777777777778
