Size,Count,Frequency,Fraction of total molecules
2,2,0.25,0.1111111111111111
3,1,0.125,0.08333333333333333
4,1,0.125,0.1111111111111111
5,3,0.375,0.4166666666666667
10,1,0.125,0.2777777777777778
