Size,Count,Frequency,Fraction of total molecules
1,6,0.4,0.16666666666666666
2,5,0.3333333333333333,0.2777777777777778
4,3,0.2,0.3333333333333333
8,1,0.06666666666666667,0.2222222222222222
