Size,Count,Frequency,Fraction of total molecules
1,4,0.5,0.1111111111111111
4,1,0.125,0.1111111111111111
6,1,0.125,0.16666666666666666
10,1,0.125,0.2777777777777778
12,1,0.125,0.3333333333333333
