Size,Count,Frequency,Fraction of total molecules
1,4,0.2857142857142857,0.1111111111111111
2,4,0.2857142857142857,0.2222222222222222
3,2,0.14285714285714285,0.16666666666666666
4,2,0.14285714285714285,0.2222222222222222
5,2,0.14285714285714285,0.2777777777777778
