Size,Count,Frequency,Fraction of total molecules
1,1,0.125,0.027777777777777776
2,3,0.375,0.16666666666666666
4,2,0.25,0.2222222222222222
5,1,0.125,0.1388888888888889
16,1,0.125,0.4444444444444444
