Size,Count,Frequency,Fraction of total molecules
1,7,0.4375,0.19444444444444445
2,4,0.25,0.2222222222222222
3,1,0.0625,0.08333333333333333
4,3,0.1875,0.3333333333333333
6,1,0.0625,0.16666666666666666
