Size,Count,Frequency,Fraction of total molecules
1,1,0.125,0.027777777777777776
2,4,0.5,0.2222222222222222
5,1,0.125,0.1388888888888889
10,1,0.125,0.2777777777777778
12,1,0.125,0.3333333333333333
