Size,Count,Frequency,Fraction of total molecules
1,4,0.5,0.1111111111111111
2,1,0.125,0.05555555555555555
4,1,0.125,0.1111111111111111
11,1,0.125,0.3055555555555556
15,1,0.125,0.4166666666666667
