Size,Count,Frequency,Fraction of total molecules
1,5,0.4166666666666667,0.1388888888888889
2,2,0.16666666666666666,0.1111111111111111
3,3,0.25,0.25
4,1,0.08333333333333333,0.1111111111111111
14,1,0.08333333333333333,0.3888888888888889
