Size,Count,Frequency,Fraction of total molecules
1,2,0.3333333333333333,0.05555555555555555
2,2,0.3333333333333333,0.1111111111111111
15,2,0.3333333333333333,0.8333333333333334
