Size,Count,Frequency,Fraction of total molecules
1,11,0.5238095238095238,0.3055555555555556
2,7,0.3333333333333333,0.3888888888888889
3,2,0.09523809523809523,0.16666666666666666
5,1,0.047619047619047616,0.1388888888888889
