Size,Count,Frequency,Fraction of total molecules
1,2,0.2,0.05555555555555555
2,2,0.2,0.1111111111111111
3,2,0.2,0.16666666666666666
5,2,0.2,0.2777777777777778
6,1,0.1,0.16666666666666666
8,1,0.1,0.2222222222222222
