Size,Count,Frequency,Fraction of total molecules
2,3,0.5,0.16666666666666666
4,1,0.16666666666666666,0.1111111111111111
10,1,0.16666666666666666,0.2777777777777778
16,1,0.16666666666666666,0.4444444444444444
