Size,Count,Frequency,Fraction of total molecules
1,6,0.4,0.16666666666666666
2,4,0.26666666666666666,0.2222222222222222
3,1,0.06666666666666667,0.08333333333333333
4,2,0.13333333333333333,0.2222222222222222
5,1,0.06666666666666667,0.1388888888888889
6,1,0.06666666666666667,0.16666666666666666
