Size,Count,Frequency,Fraction of total molecules
2,1,0.125,0.05555555555555555
3,1,0.125,0.08333333333333333
4,3,0.375,0.3333333333333333
5,1,0.125,0.1388888888888889
6,1,0.125,0.16666666666666666
8,1,0.125,0.2222222222222222
