Size,Count,Frequency,Fraction of total molecules
1,1,0.125,0.027777777777777776
2,2,0.25,0.1111111111111111
3,1,0.125,0.08333333333333333
4,2,0.25,0.2222222222222222
10,2,0.25,0.5555555555555556
