Size,Count,Frequency,Fraction of total molecules
2,3,0.42857142857142855,0.16666666666666666
3,2,0.2857142857142857,0.16666666666666666
5,1,0.14285714285714285,0.1388888888888889
19,1,0.14285714285714285,0.5277777777777778
