Size,Count,Frequency,Fraction of total molecules
1,2,0.18181818181818182,0.05555555555555555
2,2,0.18181818181818182,0.1111111111111111
3,4,0.36363636363636365,0.3333333333333333
4,1,0.09090909090909091,0.1111111111111111
6,1,0.09090909090909091,0.16666666666666666
8,1,0.09090909090909091,0.2222222222222222
