Size,Count,Frequency,Fraction of total molecules
2,2,0.2857142857142857,0.1111111111111111
3,1,0.14285714285714285,0.08333333333333333
4,2,0.2857142857142857,0.2222222222222222
8,1,0.14285714285714285,0.2222222222222222
13,1,0.14285714285714285,0.3611111111111111
