Size,Count,Frequency,Fraction of total molecules
1,2,0.25,0.05555555555555555
2,2,0.25,0.1111111111111111
4,2,0.25,0.2222222222222222
11,2,0.25,0.6111111111111112
