Size,Count,Frequency,Fraction of total molecules
1,4,0.4444444444444444,0.1111111111111111
2,2,0.2222222222222222,0.1111111111111111
4,1,0.1111111111111111,0.1111111111111111
6,1,0.1111111111111111,0.16666666666666666
18,1,0.1111111111111111,0.5
