Size,Count,Frequency,Fraction of total molecules
1,4,0.4,0.1111111111111111
2,1,0.1,0.05555555555555555
4,1,0.1,0.1111111111111111
6,3,0.3,0.5
8,1,0.1,0.2222222222222222
