Size,Count,Frequency,Fraction of total molecules
1,1,0.16666666666666666,0.027777777777777776
2,3,0.5,0.16666666666666666
4,1,0.16666666666666666,0.1111111111111111
25,1,0.16666666666666666,0.6944444444444444
