Size,Count,Frequency,Fraction of total molecules
1,2,0.2857142857142857,0.05555555555555555
2,2,0.2857142857142857,0.1111111111111111
4,1,0.14285714285714285,0.1111111111111111
11,1,0.14285714285714285,0.3055555555555556
15,1,0.14285714285714285,0.4166666666666667
