Size,Count,Frequency,Fraction of total molecules
1,4,0.4,0.1111111111111111
2,2,0.2,0.1111111111111111
3,2,0.2,0.16666666666666666
6,1,0.1,0.16666666666666666
16,1,0.1,0.4444444444444444
