Size,Count,Frequency,Fraction of total molecules
1,1,0.14285714285714285,0.027777777777777776
2,3,0.42857142857142855,0.16666666666666666
7,1,0.14285714285714285,0.19444444444444445
11,2,0.2857142857142857,0.6111111111111112
