Size,Count,Frequency,Fraction of total molecules
1,4,0.36363636363636365,0.1111111111111111
2,2,0.18181818181818182,0.1111111111111111
3,1,0.09090909090909091,0.08333333333333333
4,3,0.2727272727272727,0.3333333333333333
13,1,0.09090909090909091,0.3611111111111111
