Size,Count,Frequency,Fraction of total molecules
1,4,0.36363636363636365,0.1111111111111111
2,2,0.18181818181818182,0.1111111111111111
4,3,0.2727272727272727,0.3333333333333333
5,1,0.09090909090909091,0.1388888888888889
11,1,0.09090909090909091,0.3055555555555556
