Size,Count,Frequency,Fraction of total molecules
2,2,0.3333333333333333,0.1111111111111111
3,1,0.16666666666666666,0.08333333333333333
4,1,0.16666666666666666,0.1111111111111111
10,1,0.16666666666666666,0.2777777777777778
15,1,0.16666666666666666,0.4166666666666667
