Size,Count,Frequency,Fraction of total molecules
1,6,0.42857142857142855,0.16666666666666666
2,3,0.21428571428571427,0.16666666666666666
3,2,0.14285714285714285,0.16666666666666666
4,2,0.14285714285714285,0.2222222222222222
10,1,0.07142857142857142,0.2777777777777778
