Size,Count,Frequency,Fraction of total molecules
1,2,0.25,0.05555555555555555
2,1,0.125,0.05555555555555555
3,1,0.125,0.08333333333333333
4,2,0.25,0.2222222222222222
5,1,0.125,0.1388888888888889
16,1,0.125,0.4444444444444444
