Size,Count,Frequency,Fraction of total molecules
1,3,0.3,0.08333333333333333
2,2,0.2,0.1111111111111111
4,1,0.1,0.1111111111111111
5,1,0.1,0.1388888888888889
6,2,0.2,0.3333333333333333
8,1,0.1,0.2222222222222222
