Size,Count,Frequency,Fraction of total molecules
2,3,0.5,0.16666666666666666
8,1,0.16666666666666666,0.2222222222222222
10,1,0.16666666666666666,0.2777777777777778
12,1,0.16666666666666666,0.3333333333333333
