Size,Count,Frequency,Fraction of total molecules
2,3,0.42857142857142855,0.16666666666666666
3,1,0.14285714285714285,0.08333333333333333
5,1,0.14285714285714285,0.1388888888888889
10,1,0.14285714285714285,0.2777777777777778
12,1,0.14285714285714285,0.3333333333333333
