Size,Count,Frequency,Fraction of total molecules
2,3,0.42857142857142855,0.16666666666666666
4,1,0.14285714285714285,0.1111111111111111
5,2,0.2857142857142857,0.2777777777777778
16,1,0.14285714285714285,0.4444444444444444
