Size,Count,Frequency,Fraction of total molecules
1,4,0.4444444444444444,0.1111111111111111
2,1,0.1111111111111111,0.05555555555555555
3,1,0.1111111111111111,0.08333333333333333
4,1,0.1111111111111111,0.1111111111111111
5,1,0.1111111111111111,0.1388888888888889
18,1,0.1111111111111111,0.5
