Size,Count,Frequency,Fraction of total molecules
1,2,0.3333333333333333,0.05555555555555555
2,3,0.5,0.16666666666666666
28,1,0.16666666666666666,0.7777777777777778
