Size,Count,Frequency,Fraction of total molecules
1,3,0.42857142857142855,0.08333333333333333
2,1,0.14285714285714285,0.05555555555555555
3,1,0.14285714285714285,0.08333333333333333
9,1,0.14285714285714285,0.25
19,1,0.14285714285714285,0.5277777777777778
