Size,Count,Frequency,Fraction of total molecules
1,4,0.4,0.1111111111111111
2,1,0.1,0.05555555555555555
4,2,0.2,0.2222222222222222
5,2,0.2,0.2777777777777778
12,1,0.1,0.3333333333333333
