Size,Count,Frequency,Fraction of total molecules
1,1,0.125,0.027777777777777776
2,1,0.125,0.05555555555555555
3,2,0.25,0.16666666666666666
5,2,0.25,0.2777777777777778
6,1,0.125,0.16666666666666666
11,1,0.125,0.3055555555555556
