Size,Count,Frequency,Fraction of total molecules
1,2,0.25,0.05555555555555555
2,1,0.125,0.05555555555555555
4,1,0.125,0.1111111111111111
6,2,0.25,0.3333333333333333
8,2,0.25,0.4444444444444444
