Size,Count,Frequency,Fraction of total molecules
1,2,0.25,0.05555555555555555
2,3,0.375,0.16666666666666666
4,2,0.25,0.2222222222222222
20,1,0.125,0.5555555555555556
