Size,Count,Frequency,Fraction of total molecules
1,1,0.125,0.027777777777777776
2,1,0.125,0.05555555555555555
3,1,0.125,0.08333333333333333
5,2,0.25,0.2777777777777778
6,2,0.25,0.3333333333333333
8,1,0.125,0.2222222222222222
