Size,Count,Frequency,Fraction of total molecules
3,2,0.4,0.16666666666666666
4,1,0.2,0.1111111111111111
11,1,0.2,0.3055555555555556
15,1,0.2,0.4166666666666667
