Size,Count,Frequency,Fraction of total molecules
1,1,0.14285714285714285,0.027777777777777776
2,1,0.14285714285714285,0.05555555555555555
3,1,0.14285714285714285,0.08333333333333333
4,1,0.14285714285714285,0.1111111111111111
6,1,0.14285714285714285,0.16666666666666666
9,1,0.14285714285714285,0.25
11,1,0.14285714285714285,0.3055555555555556
