Size,Count,Frequency,Fraction of total molecules
1,2,0.25,0.05555555555555555
2,4,0.5,0.2222222222222222
13,2,0.25,0.7222222222222222
