Size,Count,Frequency,Fraction of total molecules
1,5,0.35714285714285715,0.1388888888888889
2,2,0.14285714285714285,0.1111111111111111
3,3,0.21428571428571427,0.25
4,3,0.21428571428571427,0.3333333333333333
6,1,0.07142857142857142,0.16666666666666666
