Size,Count,Frequency,Fraction of total molecules
1,1,0.16666666666666666,0.027777777777777776
2,2,0.3333333333333333,0.1111111111111111
4,1,0.16666666666666666,0.1111111111111111
5,1,0.16666666666666666,0.1388888888888889
22,1,0.16666666666666666,0.6111111111111112
