Size,Count,Frequency,Fraction of total molecules
1,2,0.25,0.05555555555555555
2,1,0.125,0.05555555555555555
3,2,0.25,0.16666666666666666
7,1,0.125,0.19444444444444445
9,1,0.125,0.25
10,1,0.125,0.2777777777777778
