Size,Count,Frequency,Fraction of total molecules
1,4,0.2857142857142857,0.1111111111111111
2,5,0.35714285714285715,0.2777777777777778
3,2,0.14285714285714285,0.16666666666666666
5,2,0.14285714285714285,0.2777777777777778
6,1,0.07142857142857142,0.16666666666666666
