Size,Count,Frequency,Fraction of total molecules
2,2,0.2857142857142857,0.1111111111111111
3,1,0.14285714285714285,0.08333333333333333
5,1,0.14285714285714285,0.1388888888888889
6,2,0.2857142857142857,0.3333333333333333
12,1,0.14285714285714285,0.3333333333333333
