Size,Count,Frequency,Fraction of total molecules
1,2,0.2222222222222222,0.05555555555555555
2,3,0.3333333333333333,0.16666666666666666
3,1,0.1111111111111111,0.08333333333333333
5,1,0.1111111111111111,0.1388888888888889
10,2,0.2222222222222222,0.5555555555555556
