Size,Count,Frequency,Fraction of total molecules
1,1,0.125,0.027777777777777776
2,2,0.25,0.1111111111111111
3,1,0.125,0.08333333333333333
5,1,0.125,0.1388888888888889
6,1,0.125,0.16666666666666666
8,1,0.125,0.2222222222222222
9,1,0.125,0.25
