Size,Count,Frequency,Fraction of total molecules
2,1,0.3333333333333333,0.05555555555555555
3,1,0.3333333333333333,0.08333333333333333
31,1,0.3333333333333333,0.8611111111111112
