Size,Count,Frequency,Fraction of total molecules
1,1,0.1111111111111111,0.027777777777777776
2,4,0.4444444444444444,0.2222222222222222
4,2,0.2222222222222222,0.2222222222222222
6,1,0.1111111111111111,0.16666666666666666
13,1,0.1111111111111111,0.3611111111111111
