Size,Count,Frequency,Fraction of total molecules
1,5,0.5,0.1388888888888889
2,1,0.1,0.05555555555555555
5,1,0.1,0.1388888888888889
6,1,0.1,0.16666666666666666
9,2,0.2,0.5
