Size,Count,Frequency,Fraction of total molecules
1,3,0.2727272727272727,0.08333333333333333
2,3,0.2727272727272727,0.16666666666666666
4,3,0.2727272727272727,0.3333333333333333
6,1,0.09090909090909091,0.16666666666666666
9,1,0.09090909090909091,0.25
