Size,Count,Frequency,Fraction of total molecules
3,2,0.3333333333333333,0.16666666666666666
4,1,0.16666666666666666,0.1111111111111111
5,1,0.16666666666666666,0.1388888888888889
10,1,0.16666666666666666,0.2777777777777778
11,1,0.16666666666666666,0.3055555555555556
