Size,Count,Frequency,Fraction of total molecules
1,2,0.25,0.05555555555555555
2,2,0.25,0.1111111111111111
4,1,0.125,0.1111111111111111
8,1,0.125,0.2222222222222222
9,2,0.25,0.5
