Size,Count,Frequency,Fraction of total molecules
1,4,0.3333333333333333,0.1111111111111111
2,1,0.08333333333333333,0.05555555555555555
3,2,0.16666666666666666,0.16666666666666666
4,3,0.25,0.3333333333333333
5,1,0.08333333333333333,0.1388888888888889
7,1,0.08333333333333333,0.19444444444444445
