Size,Count,Frequency,Fraction of total molecules
1,5,0.4166666666666667,0.1388888888888889
2,2,0.16666666666666666,0.1111111111111111
3,1,0.08333333333333333,0.08333333333333333
4,2,0.16666666666666666,0.2222222222222222
6,1,0.08333333333333333,0.16666666666666666
10,1,0.08333333333333333,0.2777777777777778
