Size,Count,Frequency,Fraction of total molecules
1,7,0.4375,0.19444444444444445
2,3,0.1875,0.16666666666666666
3,2,0.125,0.16666666666666666
4,3,0.1875,0.3333333333333333
5,1,0.0625,0.1388888888888889
