Size,Count,Frequency,Fraction of total molecules
1,1,0.1,0.027777777777777776
2,4,0.4,0.2222222222222222
4,2,0.2,0.2222222222222222
5,2,0.2,0.2777777777777778
9,1,0.1,0.25
