Size,Count,Frequency,Fraction of total molecules
1,1,0.2,0.027777777777777776
2,1,0.2,0.05555555555555555
4,1,0.2,0.1111111111111111
6,1,0.2,0.16666666666666666
23,1,0.2,0.6388888888888888
