Size,Count,Frequency,Fraction of total molecules
1,4,0.36363636363636365,0.1111111111111111
2,1,0.09090909090909091,0.05555555555555555
3,1,0.09090909090909091,0.08333333333333333
4,3,0.2727272727272727,0.3333333333333333
5,1,0.09090909090909091,0.1388888888888889
10,1,0.09090909090909091,0.2777777777777778
