Size,Count,Frequency,Fraction of total molecules
2,2,0.4,0.1111111111111111
5,2,0.4,0.2777777777777778
22,1,0.2,0.6111111111111112
