Size,Count,Frequency,Fraction of total molecules
1,5,0.29411764705882354,0.1388888888888889
2,7,0.4117647058823529,0.3888888888888889
3,3,0.17647058823529413,0.25
4,2,0.11764705882352941,0.2222222222222222
