Size,Count,Frequency,Fraction of total molecules
2,3,0.6,0.16666666666666666
12,1,0.2,0.3333333333333333
18,1,0.2,0.5
