Size,Count,Frequency,Fraction of total molecules
2,2,0.2857142857142857,0.1111111111111111
3,1,0.14285714285714285,0.08333333333333333
5,2,0.2857142857142857,0.2777777777777778
9,1,0.14285714285714285,0.25
10,1,0.14285714285714285,0.2777777777777778
