Size,Count,Frequency,Fraction of total molecules
1,2,0.25,0.05555555555555555
2,1,0.125,0.05555555555555555
3,1,0.125,0.08333333333333333
5,3,0.375,0.4166666666666667
14,1,0.125,0.3888888888888889
