Size,Count,Frequency,Fraction of total molecules
1,4,0.36363636363636365,0.1111111111111111
2,2,0.18181818181818182,0.1111111111111111
4,2,0.18181818181818182,0.2222222222222222
5,1,0.09090909090909091,0.1388888888888889
6,1,0.09090909090909091,0.16666666666666666
9,1,0.09090909090909091,0.25
