Size,Count,Frequency,Fraction of total molecules
1,2,0.18181818181818182,0.05555555555555555
2,3,0.2727272727272727,0.16666666666666666
4,2,0.18181818181818182,0.2222222222222222
5,4,0.36363636363636365,0.5555555555555556
