Size,Count,Frequency,Fraction of total molecules
1,1,0.1111111111111111,0.027777777777777776
2,4,0.4444444444444444,0.2222222222222222
4,2,0.2222222222222222,0.2222222222222222
5,1,0.1111111111111111,0.1388888888888889
14,1,0.1111111111111111,0.3888888888888889
