Size,Count,Frequency,Fraction of total molecules
1,3,0.3333333333333333,0.08333333333333333
2,2,0.2222222222222222,0.1111111111111111
3,1,0.1111111111111111,0.08333333333333333
7,1,0.1111111111111111,0.19444444444444445
9,1,0.1111111111111111,0.25
10,1,0.1111111111111111,0.2777777777777778
