Size,Count,Frequency,Fraction of total molecules
1,5,0.45454545454545453,0.1388888888888889
2,2,0.18181818181818182,0.1111111111111111
4,1,0.09090909090909091,0.1111111111111111
5,1,0.09090909090909091,0.1388888888888889
8,1,0.09090909090909091,0.2222222222222222
10,1,0.09090909090909091,0.2777777777777778
