Size,Count,Frequency,Fraction of total molecules
2,1,0.16666666666666666,0.05555555555555555
3,1,0.16666666666666666,0.08333333333333333
4,1,0.16666666666666666,0.1111111111111111
5,1,0.16666666666666666,0.1388888888888889
6,1,0.16666666666666666,0.16666666666666666
16,1,0.16666666666666666,0.4444444444444444
