Size,Count,Frequency,Fraction of total molecules
2,4,0.4444444444444444,0.2222222222222222
4,1,0.1111111111111111,0.1111111111111111
5,3,0.3333333333333333,0.4166666666666667
9,1,0.1111111111111111,0.25
