Size,Count,Frequency,Fraction of total molecules
1,3,0.3,0.08333333333333333
2,1,0.1,0.05555555555555555
4,3,0.3,0.3333333333333333
6,2,0.2,0.3333333333333333
7,1,0.1,0.19444444444444445
