Size,Count,Frequency,Fraction of total molecules
1,4,0.4,0.1111111111111111
3,1,0.1,0.08333333333333333
4,1,0.1,0.1111111111111111
5,3,0.3,0.4166666666666667
10,1,0.1,0.2777777777777778
