Size,Count,Frequency,Fraction of total molecules
1,1,0.125,0.027777777777777776
2,4,0.5,0.2222222222222222
4,2,0.25,0.2222222222222222
19,1,0.125,0.5277777777777778
