Size,Count,Frequency,Fraction of total molecules
1,5,0.35714285714285715,0.1388888888888889
2,5,0.35714285714285715,0.2777777777777778
3,1,0.07142857142857142,0.08333333333333333
5,1,0.07142857142857142,0.1388888888888889
6,1,0.07142857142857142,0.16666666666666666
7,1,0.07142857142857142,0.19444444444444445
