Size,Count,Frequency,Fraction of total molecules
1,5,0.3333333333333333,0.1388888888888889
2,5,0.3333333333333333,0.2777777777777778
3,3,0.2,0.25
5,1,0.06666666666666667,0.1388888888888889
7,1,0.06666666666666667,0.19444444444444445
