Size,Count,Frequency,Fraction of total molecules
2,3,0.3333333333333333,0.16666666666666666
4,2,0.2222222222222222,0.2222222222222222
5,2,0.2222222222222222,0.2777777777777778
6,2,0.2222222222222222,0.3333333333333333
