Size,Count,Frequency,Fraction of total molecules
1,2,0.16666666666666666,0.05555555555555555
2,4,0.3333333333333333,0.2222222222222222
3,3,0.25,0.25
5,2,0.16666666666666666,0.2777777777777778
7,1,0.08333333333333333,0.19444444444444445
