Size,Count,Frequency,Fraction of total molecules
1,2,0.25,0.05555555555555555
2,1,0.125,0.05555555555555555
3,3,0.375,0.25
5,1,0.125,0.1388888888888889
18,1,0.125,0.5
