Size,Count,Frequency,Fraction of total molecules
2,5,0.5555555555555556,0.2777777777777778
3,2,0.2222222222222222,0.16666666666666666
5,1,0.1111111111111111,0.1388888888888889
15,1,0.1111111111111111,0.4166666666666667
