Size,Count,Frequency,Fraction of total molecules
1,1,0.08333333333333333,0.027777777777777776
2,4,0.3333333333333333,0.2222222222222222
3,2,0.16666666666666666,0.16666666666666666
4,4,0.3333333333333333,0.4444444444444444
5,1,0.08333333333333333,0.1388888888888889
