Size,Count,Frequency,Fraction of total molecules
2,1,0.1,0.05555555555555555
3,3,0.3,0.25
4,5,0.5,0.5555555555555556
5,1,0.1,0.1388888888888889
