Size,Count,Frequency,Fraction of total molecules
1,1,0.2,0.027777777777777776
2,2,0.4,0.1111111111111111
4,1,0.2,0.1111111111111111
27,1,0.2,0.75
