Size,Count,Frequency,Fraction of total molecules
1,1,0.09090909090909091,0.027777777777777776
2,3,0.2727272727272727,0.16666666666666666
3,3,0.2727272727272727,0.25
4,3,0.2727272727272727,0.3333333333333333
8,1,0.09090909090909091,0.2222222222222222
