Size,Count,Frequency,Fraction of total molecules
2,2,0.3333333333333333,0.1111111111111111
3,1,0.16666666666666666,0.08333333333333333
4,1,0.16666666666666666,0.1111111111111111
9,1,0.16666666666666666,0.25
16,1,0.16666666666666666,0.4444444444444444
