Size,Count,Frequency,Fraction of total molecules
3,3,0.375,0.25
4,2,0.25,0.2222222222222222
5,1,0.125,0.1388888888888889
6,1,0.125,0.16666666666666666
8,1,0.125,0.2222222222222222
