Size,Count,Frequency,Fraction of total molecules
3,1,0.2,0.08333333333333333
4,1,0.2,0.1111111111111111
6,1,0.2,0.16666666666666666
7,1,0.2,0.19444444444444445
16,1,0.2,0.4444444444444444
