Size,Count,Frequency,Fraction of total molecules
1,1,0.09090909090909091,0.027777777777777776
2,4,0.36363636363636365,0.2222222222222222
3,2,0.18181818181818182,0.16666666666666666
4,1,0.09090909090909091,0.1111111111111111
5,1,0.09090909090909091,0.1388888888888889
6,2,0.18181818181818182,0.3333333333333333
