Size,Count,Frequency,Fraction of total molecules
2,4,0.4,0.2222222222222222
3,3,0.3,0.25
4,1,0.1,0.1111111111111111
5,1,0.1,0.1388888888888889
10,1,0.1,0.2777777777777778
