Size,Count,Frequency,Fraction of total molecules
1,4,0.26666666666666666,0.1111111111111111
2,5,0.3333333333333333,0.2777777777777778
3,4,0.26666666666666666,0.3333333333333333
5,2,0.13333333333333333,0.2777777777777778
