Size,Count,Frequency,Fraction of total molecules
1,1,0.16666666666666666,0.027777777777777776
3,2,0.3333333333333333,0.16666666666666666
4,1,0.16666666666666666,0.1111111111111111
5,1,0.16666666666666666,0.1388888888888889
20,1,0.16666666666666666,0.5555555555555556
