Size,Count,Frequency,Fraction of total molecules
1,4,0.4444444444444444,0.1111111111111111
2,1,0.1111111111111111,0.05555555555555555
4,1,0.1111111111111111,0.1111111111111111
7,1,0.1111111111111111,0.19444444444444445
8,1,0.1111111111111111,0.2222222222222222
11,1,0.1111111111111111,0.3055555555555556
