Size,Count,Frequency,Fraction of total molecules
1,4,0.4,0.1111111111111111
2,2,0.2,0.1111111111111111
4,1,0.1,0.1111111111111111
5,1,0.1,0.1388888888888889
8,1,0.1,0.2222222222222222
11,1,0.1,0.3055555555555556
