Size,Count,Frequency,Fraction of total molecules
1,4,0.4,0.1111111111111111
2,2,0.2,0.1111111111111111
4,1,0.1,0.1111111111111111
5,2,0.2,0.2777777777777778
14,1,0.1,0.3888888888888889
