Size,Count,Frequency,Fraction of total molecules
2,2,0.25,0.1111111111111111
3,2,0.25,0.16666666666666666
4,1,0.125,0.1111111111111111
7,2,0.25,0.3888888888888889
8,1,0.125,0.2222222222222222
