Size,Count,Frequency,Fraction of total molecules
1,2,0.2,0.05555555555555555
2,1,0.1,0.05555555555555555
3,3,0.3,0.25
4,1,0.1,0.1111111111111111
6,2,0.2,0.3333333333333333
7,1,0.1,0.19444444444444445
