Size,Count,Frequency,Fraction of total molecules
1,10,0.5,0.2777777777777778
2,5,0.25,0.2777777777777778
3,4,0.2,0.3333333333333333
4,1,0.05,0.1111111111111111
