Size,Count,Frequency,Fraction of total molecules
1,1,0.125,0.027777777777777776
2,3,0.375,0.16666666666666666
3,1,0.125,0.08333333333333333
4,1,0.125,0.1111111111111111
10,1,0.125,0.2777777777777778
12,1,0.125,0.3333333333333333
