Size,Count,Frequency,Fraction of total molecules
2,2,0.2222222222222222,0.1111111111111111
3,2,0.2222222222222222,0.16666666666666666
4,3,0.3333333333333333,0.3333333333333333
7,2,0.2222222222222222,0.3888888888888889
