Size,Count,Frequency,Fraction of total molecules
1,1,0.1,0.027777777777777776
2,3,0.3,0.16666666666666666
4,2,0.2,0.2222222222222222
5,3,0.3,0.4166666666666667
6,1,0.1,0.16666666666666666
