Size,Count,Frequency,Fraction of total molecules
1,1,0.16666666666666666,0.027777777777777776
2,3,0.5,0.16666666666666666
11,1,0.16666666666666666,0.3055555555555556
18,1,0.16666666666666666,0.5
