Size,Count,Frequency,Fraction of total molecules
1,1,0.16666666666666666,0.027777777777777776
3,1,0.16666666666666666,0.08333333333333333
4,1,0.16666666666666666,0.1111111111111111
5,1,0.16666666666666666,0.1388888888888889
7,1,0.16666666666666666,0.19444444444444445
16,1,0.16666666666666666,0.4444444444444444
