Size,Count,Frequency,Fraction of total molecules
1,1,0.125,0.027777777777777776
2,1,0.125,0.05555555555555555
4,1,0.125,0.1111111111111111
5,3,0.375,0.4166666666666667
7,2,0.25,0.3888888888888889
