Size,Count,Frequency,Fraction of total molecules
1,2,0.15384615384615385,0.05555555555555555
2,4,0.3076923076923077,0.2222222222222222
3,3,0.23076923076923078,0.25
4,3,0.23076923076923078,0.3333333333333333
5,1,0.07692307692307693,0.1388888888888889
