Size,Count,Frequency,Fraction of total molecules
1,1,0.125,0.027777777777777776
2,2,0.25,0.1111111111111111
4,1,0.125,0.1111111111111111
5,1,0.125,0.1388888888888889
6,2,0.25,0.3333333333333333
10,1,0.125,0.2777777777777778
