Size,Count,Frequency,Fraction of total molecules
2,1,0.125,0.05555555555555555
4,3,0.375,0.3333333333333333
5,3,0.375,0.4166666666666667
7,1,0.125,0.19444444444444445
