Size,Count,Frequency,Fraction of total molecules
1,3,0.3,0.08333333333333333
2,1,0.1,0.05555555555555555
3,3,0.3,0.25
4,1,0.1,0.1111111111111111
8,1,0.1,0.2222222222222222
10,1,0.1,0.2777777777777778
