Size,Count,Frequency,Fraction of total molecules
1,4,0.3076923076923077,0.1111111111111111
2,2,0.15384615384615385,0.1111111111111111
3,3,0.23076923076923078,0.25
4,2,0.15384615384615385,0.2222222222222222
5,1,0.07692307692307693,0.1388888888888889
6,1,0.07692307692307693,0.16666666666666666
