Size,Count,Frequency,Fraction of total molecules
1,1,0.125,0.027777777777777776
2,1,0.125,0.05555555555555555
3,3,0.375,0.25
4,2,0.25,0.2222222222222222
16,1,0.125,0.4444444444444444
