Size,Count,Frequency,Fraction of total molecules
1,3,0.23076923076923078,0.08333333333333333
2,3,0.23076923076923078,0.16666666666666666
3,4,0.3076923076923077,0.3333333333333333
5,3,0.23076923076923078,0.4166666666666667
