Size,Count,Frequency,Fraction of total molecules
1,2,0.2,0.05555555555555555
2,2,0.2,0.1111111111111111
3,1,0.1,0.08333333333333333
4,2,0.2,0.2222222222222222
5,2,0.2,0.2777777777777778
9,1,0.1,0.25
