Size,Count,Frequency,Fraction of total molecules
2,1,0.1111111111111111,0.05555555555555555
3,1,0.1111111111111111,0.08333333333333333
4,4,0.4444444444444444,0.4444444444444444
5,3,0.3333333333333333,0.4166666666666667
