Size,Count,Frequency,Fraction of total molecules
1,1,0.2,0.027777777777777776
2,2,0.4,0.1111111111111111
7,1,0.2,0.19444444444444445
24,1,0.2,0.6666666666666666
