Size,Count,Frequency,Fraction of total molecules
1,1,0.14285714285714285,0.027777777777777776
2,2,0.2857142857142857,0.1111111111111111
3,1,0.14285714285714285,0.08333333333333333
4,2,0.2857142857142857,0.2222222222222222
20,1,0.14285714285714285,0.5555555555555556
