Size,Count,Frequency,Fraction of total molecules
2,3,0.375,0.16666666666666666
3,1,0.125,0.08333333333333333
4,1,0.125,0.1111111111111111
5,1,0.125,0.1388888888888889
7,1,0.125,0.19444444444444445
11,1,0.125,0.3055555555555556
