Size,Count,Frequency,Fraction of total molecules
1,6,0.375,0.16666666666666666
2,3,0.1875,0.16666666666666666
3,5,0.3125,0.4166666666666667
4,1,0.0625,0.1111111111111111
5,1,0.0625,0.1388888888888889
