Size,Count,Frequency,Fraction of total molecules
1,4,0.4444444444444444,0.1111111111111111
2,2,0.2222222222222222,0.1111111111111111
4,1,0.1111111111111111,0.1111111111111111
10,1,0.1111111111111111,0.2777777777777778
14,1,0.1111111111111111,0.3888888888888889
