Size,Count,Frequency,Fraction of total molecules
2,2,0.3333333333333333,0.1111111111111111
5,1,0.16666666666666666,0.1388888888888889
7,2,0.3333333333333333,0.3888888888888889
13,1,0.16666666666666666,0.3611111111111111
