Size,Count,Frequency,Fraction of total molecules
1,4,0.5,0.1111111111111111
2,2,0.25,0.1111111111111111
4,1,0.125,0.1111111111111111
24,1,0.125,0.6666666666666666
