Size,Count,Frequency,Fraction of total molecules
1,1,0.2,0.027777777777777776
3,1,0.2,0.08333333333333333
4,1,0.2,0.1111111111111111
6,1,0.2,0.16666666666666666
22,1,0.2,0.6111111111111112
