Size,Count,Frequency,Fraction of total molecules
1,1,0.1,0.027777777777777776
2,2,0.2,0.1111111111111111
3,3,0.3,0.25
4,2,0.2,0.2222222222222222
5,1,0.1,0.1388888888888889
9,1,0.1,0.25
