Size,Count,Frequency,Fraction of total molecules
2,1,0.2,0.05555555555555555
5,1,0.2,0.1388888888888889
7,2,0.4,0.3888888888888889
15,1,0.2,0.4166666666666667
