Size,Count,Frequency,Fraction of total molecules
1,2,0.18181818181818182,0.05555555555555555
2,3,0.2727272727272727,0.16666666666666666
3,2,0.18181818181818182,0.16666666666666666
4,2,0.18181818181818182,0.2222222222222222
5,1,0.09090909090909091,0.1388888888888889
9,1,0.09090909090909091,0.25
