Size,Count,Frequency,Fraction of total molecules
1,1,0.125,0.027777777777777776
2,2,0.25,0.1111111111111111
3,2,0.25,0.16666666666666666
4,1,0.125,0.1111111111111111
6,1,0.125,0.16666666666666666
15,1,0.125,0.4166666666666667
