Size,Count,Frequency,Fraction of total molecules
1,1,0.09090909090909091,0.027777777777777776
2,4,0.36363636363636365,0.2222222222222222
3,1,0.09090909090909091,0.08333333333333333
4,3,0.2727272727272727,0.3333333333333333
5,1,0.09090909090909091,0.1388888888888889
7,1,0.09090909090909091,0.19444444444444445
