Size,Count,Frequency,Fraction of total molecules
1,1,0.1,0.027777777777777776
2,3,0.3,0.16666666666666666
3,1,0.1,0.08333333333333333
4,2,0.2,0.2222222222222222
5,1,0.1,0.1388888888888889
6,1,0.1,0.16666666666666666
7,1,0.1,0.19444444444444445
