Size,Count,Frequency,Fraction of total molecules
1,1,0.16666666666666666,0.027777777777777776
3,1,0.16666666666666666,0.08333333333333333
5,1,0.16666666666666666,0.1388888888888889
6,2,0.3333333333333333,0.3333333333333333
15,1,0.16666666666666666,0.4166666666666667
