Size,Count,Frequency,Fraction of total molecules
1,1,0.125,0.027777777777777776
2,1,0.125,0.05555555555555555
4,3,0.375,0.3333333333333333
5,2,0.25,0.2777777777777778
11,1,0.125,0.3055555555555556
