Size,Count,Frequency,Fraction of total molecules
1,4,0.4,0.1111111111111111
2,2,0.2,0.1111111111111111
4,1,0.1,0.1111111111111111
5,1,0.1,0.1388888888888889
6,1,0.1,0.16666666666666666
13,1,0.1,0.3611111111111111
