Size,Count,Frequency,Fraction of total molecules
1,6,0.35294117647058826,0.16666666666666666
2,5,0.29411764705882354,0.2777777777777778
3,4,0.23529411764705882,0.3333333333333333
4,2,0.11764705882352941,0.2222222222222222
