Size,Count,Frequency,Fraction of total molecules
2,2,0.2222222222222222,0.1111111111111111
3,3,0.3333333333333333,0.25
4,2,0.2222222222222222,0.2222222222222222
5,1,0.1111111111111111,0.1388888888888889
10,1,0.1111111111111111,0.2777777777777778
