Size,Count,Frequency,Fraction of total molecules
1,1,0.1,0.027777777777777776
2,3,0.3,0.16666666666666666
3,1,0.1,0.08333333333333333
4,3,0.3,0.3333333333333333
7,2,0.2,0.3888888888888889
