Size,Count,Frequency,Fraction of total molecules
1,3,0.2727272727272727,0.08333333333333333
2,3,0.2727272727272727,0.16666666666666666
3,1,0.09090909090909091,0.08333333333333333
4,2,0.18181818181818182,0.2222222222222222
5,1,0.09090909090909091,0.1388888888888889
11,1,0.09090909090909091,0.3055555555555556
