Size,Count,Frequency,Fraction of total molecules
1,1,0.16666666666666666,0.027777777777777776
3,2,0.3333333333333333,0.16666666666666666
6,1,0.16666666666666666,0.16666666666666666
11,1,0.16666666666666666,0.3055555555555556
12,1,0.16666666666666666,0.3333333333333333
