Size,Count,Frequency,Fraction of total molecules
1,4,0.4,0.1111111111111111
3,2,0.2,0.16666666666666666
4,2,0.2,0.2222222222222222
6,1,0.1,0.16666666666666666
12,1,0.1,0.3333333333333333
