Size,Count,Frequency,Fraction of total molecules
1,4,0.36363636363636365,0.1111111111111111
2,2,0.18181818181818182,0.1111111111111111
3,1,0.09090909090909091,0.08333333333333333
4,1,0.09090909090909091,0.1111111111111111
5,2,0.18181818181818182,0.2777777777777778
11,1,0.09090909090909091,0.3055555555555556
