Size,Count,Frequency,Fraction of total molecules
1,3,0.5,0.08333333333333333
2,1,0.16666666666666666,0.05555555555555555
10,1,0.16666666666666666,0.2777777777777778
21,1,0.16666666666666666,0.5833333333333334
