Size,Count,Frequency,Fraction of total molecules
1,1,0.2,0.027777777777777776
2,1,0.2,0.05555555555555555
4,1,0.2,0.1111111111111111
13,1,0.2,0.3611111111111111
16,1,0.2,0.4444444444444444
