Size,Count,Frequency,Fraction of total molecules
2,1,0.2,0.05555555555555555
4,2,0.4,0.2222222222222222
11,1,0.2,0.3055555555555556
15,1,0.2,0.4166666666666667
