Size,Count,Frequency,Fraction of total molecules
1,2,0.16666666666666666,0.05555555555555555
2,3,0.25,0.16666666666666666
3,1,0.08333333333333333,0.08333333333333333
4,5,0.4166666666666667,0.5555555555555556
5,1,0.08333333333333333,0.1388888888888889
