Size,Count,Frequency,Fraction of total molecules
2,1,0.2,0.05555555555555555
3,1,0.2,0.08333333333333333
5,1,0.2,0.1388888888888889
11,1,0.2,0.3055555555555556
15,1,0.2,0.4166666666666667
