Size,Count,Frequency,Fraction of total molecules
2,4,0.4444444444444444,0.2222222222222222
4,2,0.2222222222222222,0.2222222222222222
5,2,0.2222222222222222,0.2777777777777778
10,1,0.1111111111111111,0.2777777777777778
