Size,Count,Frequency,Fraction of total molecules
1,2,0.2,0.05555555555555555
2,1,0.1,0.05555555555555555
3,2,0.2,0.16666666666666666
4,2,0.2,0.2222222222222222
5,1,0.1,0.1388888888888889
6,1,0.1,0.16666666666666666
7,1,0.1,0.19444444444444445
