Size,Count,Frequency,Fraction of total molecules
2,1,0.14285714285714285,0.05555555555555555
4,1,0.14285714285714285,0.1111111111111111
5,2,0.2857142857142857,0.2777777777777778
6,2,0.2857142857142857,0.3333333333333333
8,1,0.14285714285714285,0.2222222222222222
