Size,Count,Frequency,Fraction of total molecules
2,3,0.3,0.16666666666666666
3,1,0.1,0.08333333333333333
4,3,0.3,0.3333333333333333
5,3,0.3,0.4166666666666667
