Size,Count,Frequency,Fraction of total molecules
2,1,0.125,0.05555555555555555
3,2,0.25,0.16666666666666666
4,1,0.125,0.1111111111111111
5,2,0.25,0.2777777777777778
6,1,0.125,0.16666666666666666
8,1,0.125,0.2222222222222222
