Size,Count,Frequency,Fraction of total molecules
1,4,0.4,0.1111111111111111
2,2,0.2,0.1111111111111111
3,1,0.1,0.08333333333333333
4,1,0.1,0.1111111111111111
6,1,0.1,0.16666666666666666
15,1,0.1,0.4166666666666667
