Size,Count,Frequency,Fraction of total molecules
1,3,0.25,0.08333333333333333
2,3,0.25,0.16666666666666666
3,2,0.16666666666666666,0.16666666666666666
4,1,0.08333333333333333,0.1111111111111111
5,1,0.08333333333333333,0.1388888888888889
6,2,0.16666666666666666,0.3333333333333333
