Size,Count,Frequency,Fraction of total molecules
2,2,0.25,0.1111111111111111
3,3,0.375,0.25
4,1,0.125,0.1111111111111111
8,1,0.125,0.2222222222222222
11,1,0.125,0.3055555555555556
