Size,Count,Frequency,Fraction of total molecules
1,2,0.15384615384615385,0.05555555555555555
2,5,0.38461538461538464,0.2777777777777778
3,3,0.23076923076923078,0.25
5,3,0.23076923076923078,0.4166666666666667
