Size,Count,Frequency,Fraction of total molecules
1,3,0.3,0.08333333333333333
2,2,0.2,0.1111111111111111
3,1,0.1,0.08333333333333333
4,2,0.2,0.2222222222222222
5,1,0.1,0.1388888888888889
13,1,0.1,0.3611111111111111
