Size,Count,Frequency,Fraction of total molecules
2,2,0.4,0.1111111111111111
7,1,0.2,0.19444444444444445
12,1,0.2,0.3333333333333333
13,1,0.2,0.3611111111111111
