Size,Count,Frequency,Fraction of total molecules
1,1,0.125,0.027777777777777776
2,5,0.625,0.2777777777777778
8,1,0.125,0.2222222222222222
17,1,0.125,0.4722222222222222
