Size,Count,Frequency,Fraction of total molecules
2,2,0.2,0.1111111111111111
3,2,0.2,0.16666666666666666
4,4,0.4,0.4444444444444444
5,2,0.2,0.2777777777777778
