Size,Count,Frequency,Fraction of total molecules
1,1,0.125,0.027777777777777776
2,1,0.125,0.05555555555555555
3,1,0.125,0.08333333333333333
4,3,0.375,0.3333333333333333
5,1,0.125,0.1388888888888889
13,1,0.125,0.3611111111111111
