Size,Count,Frequency,Fraction of total molecules
1,3,0.23076923076923078,0.08333333333333333
2,4,0.3076923076923077,0.2222222222222222
3,1,0.07692307692307693,0.08333333333333333
4,3,0.23076923076923078,0.3333333333333333
5,2,0.15384615384615385,0.2777777777777778
