Size,Count,Frequency,Fraction of total molecules
1,1,0.125,0.027777777777777776
2,1,0.125,0.05555555555555555
4,1,0.125,0.1111111111111111
5,2,0.25,0.2777777777777778
6,2,0.25,0.3333333333333333
7,1,0.125,0.19444444444444445
