Size,Count,Frequency,Fraction of total molecules
1,1,0.1,0.027777777777777776
2,4,0.4,0.2222222222222222
4,1,0.1,0.1111111111111111
5,2,0.2,0.2777777777777778
6,1,0.1,0.16666666666666666
7,1,0.1,0.19444444444444445
