Size,Count,Frequency,Fraction of total molecules
1,2,0.2857142857142857,0.05555555555555555
2,3,0.42857142857142855,0.16666666666666666
4,1,0.14285714285714285,0.1111111111111111
24,1,0.14285714285714285,0.6666666666666666
