Size,Count,Frequency,Fraction of total molecules
2,1,0.1111111111111111,0.05555555555555555
3,3,0.3333333333333333,0.25
4,3,0.3333333333333333,0.3333333333333333
5,1,0.1111111111111111,0.1388888888888889
8,1,0.1111111111111111,0.2222222222222222
