Size,Count,Frequency,Fraction of total molecules
3,4,0.4444444444444444,0.3333333333333333
4,2,0.2222222222222222,0.2222222222222222
5,2,0.2222222222222222,0.2777777777777778
6,1,0.1111111111111111,0.16666666666666666
