Size,Frequency,Fraction of total molecules
1,0.6861772486772487,0.525
2,0.26719576719576715,0.3666666666666667
3,0.03472222222222222,0.075
4,0.011904761904761904,0.03333333333333333
