Size,Frequency,Fraction of total molecules
1,0.9907407407407408,0.9833333333333334
2,0.009259259259259259,0.016666666666666666
