Size,Frequency,Fraction of total molecules
1,0.6110780423280423,0.44166666666666665
2,0.3102513227513227,0.39999999999999997
3,0.06676587301587301,0.125
4,0.011904761904761904,0.03333333333333333
