Size,Frequency,Fraction of total molecules
1,0.6259589947089946,0.4583333333333333
2,0.29537037037037034,0.38333333333333336
3,0.06676587301587301,0.125
4,0.011904761904761904,0.03333333333333333
