Size,Frequency,Fraction of total molecules
1,0.9097222222222223,0.85
2,0.09027777777777778,0.15
