Size,Frequency,Fraction of total molecules
1,0.6582010582010582,0.49999999999999994
2,0.28048941798941796,0.3666666666666667
3,0.0494047619047619,0.09999999999999999
4,0.011904761904761904,0.03333333333333333
