Size,Frequency,Fraction of total molecules
1,0.8406084656084656,0.75
2,0.15939153439153442,0.25
