Size,Frequency,Fraction of total molecules
1,0.849867724867725,0.7666666666666667
2,0.15013227513227514,0.23333333333333336
