Size,Frequency,Fraction of total molecules
1,0.7313161375661377,0.5833333333333334
2,0.23247354497354497,0.3333333333333334
3,0.024305555555555552,0.049999999999999996
4,0.011904761904761904,0.03333333333333333
