Size,Frequency,Fraction of total molecules
1,0.8948412698412699,0.8333333333333334
2,0.10515873015873016,0.16666666666666666
