Size,Frequency,Fraction of total molecules
1,0.758101851851852,0.625
2,0.21957671957671956,0.3166666666666666
3,0.010416666666666666,0.024999999999999998
4,0.011904761904761904,0.03333333333333333
