Size,Frequency,Fraction of total molecules
1,0.7372685185185186,0.5916666666666667
2,0.2404100529100529,0.35000000000000003
3,0.010416666666666666,0.024999999999999998
4,0.011904761904761904,0.03333333333333333
