Size,Frequency,Fraction of total molecules
1,0.7729828042328043,0.6416666666666667
2,0.2046957671957672,0.3
3,0.010416666666666666,0.024999999999999998
4,0.011904761904761904,0.03333333333333333
