Size,Frequency,Fraction of total molecules
1,0.6433201058201058,0.48333333333333334
2,0.29537037037037034,0.38333333333333336
3,0.0494047619047619,0.09999999999999999
4,0.011904761904761904,0.03333333333333333
