Size,Frequency,Fraction of total molecules
1,0.7142857142857143,0.5
2,0.14285714285714285,0.2
3,0.14285714285714285,0.3
