Size,Frequency,Fraction of total molecules
1,0.861441798941799,0.7833333333333333
2,0.13855820105820107,0.21666666666666667
