Size,Frequency,Fraction of total molecules
1,0.8364748677248678,0.7333333333333334
2,0.14120370370370372,0.21666666666666667
3,0.022321428571428572,0.049999999999999996
