Size,Frequency,Fraction of total molecules
1,0.951388888888889,0.9166666666666666
2,0.048611111111111105,0.08333333333333333
