Size,Frequency,Fraction of total molecules
1,0.8333333333333334,0.5
5,0.16666666666666666,0.5
