Size,Frequency,Fraction of total molecules
1,0.9212962962962963,0.8666666666666666
2,0.0787037037037037,0.13333333333333333
