Size,Frequency,Fraction of total molecules
1,0.6299272486772486,0.46666666666666673
2,0.3072751322751322,0.39999999999999997
3,0.05089285714285715,0.09999999999999999
4,0.011904761904761904,0.03333333333333333
