Size,Frequency,Fraction of total molecules
1,0.8888888888888888,0.8
2,0.1111111111111111,0.2
