Size,Frequency,Fraction of total molecules
1,0.7022156084656084,0.5499999999999999
2,0.26157407407407407,0.3666666666666667
3,0.024305555555555552,0.049999999999999996
4,0.011904761904761904,0.03333333333333333
