Size,Frequency,Fraction of total molecules
1,0.7488425925925927,0.6083333333333333
2,0.22883597883597884,0.3333333333333333
3,0.010416666666666666,0.024999999999999998
4,0.011904761904761904,0.03333333333333333
