Size,Frequency,Fraction of total molecules
1,0.7845568783068785,0.6583333333333333
2,0.19312169312169314,0.2833333333333333
3,0.010416666666666666,0.024999999999999998
4,0.011904761904761904,0.03333333333333333
