Size,Frequency,Fraction of total molecules
1,0.8014219576719577,0.6666666666666669
2,0.16435185185185186,0.25
3,0.022321428571428572,0.049999999999999996
4,0.011904761904761904,0.03333333333333333
