Size,Frequency,Fraction of total molecules
1,0.9791666666666666,0.9666666666666667
2,0.020833333333333332,0.03333333333333333
