Size,Frequency,Fraction of total molecules
1,0.8272156084656085,0.7166666666666668
2,0.150462962962963,0.23333333333333336
3,0.022321428571428572,0.049999999999999996
