Size,Frequency,Fraction of total molecules
1,0.6611772486772486,0.5083333333333333
2,0.2894179894179894,0.38333333333333336
3,0.0375,0.075
4,0.011904761904761904,0.03333333333333333
