Size,Frequency,Fraction of total molecules
1,0.9398148148148149,0.8999999999999999
2,0.06018518518518518,0.10000000000000002
