Size,Frequency,Fraction of total molecules
1,0.7924933862433862,0.6666666666666669
2,0.1851851851851852,0.2833333333333333
3,0.022321428571428572,0.049999999999999996
