Size,Frequency,Fraction of total molecules
1,0.6666666666666666,0.4
2,0.16666666666666666,0.2
4,0.16666666666666666,0.4
