Size,Count,Frequency,Fraction of total molecules
1,2,0.2222222222222222,0.05555555555555555
2,2,0.2222222222222222,0.1111111111111111
4,2,0.2222222222222222,0.2222222222222222
5,1,0.1111111111111111,0.1388888888888889
8,1,0.1111111111111111,0.2222222222222222
9,1,0.1111111111111111,0.25
