Size,Count,Frequency,Fraction of total molecules
1,2,0.2222222222222222,0.05555555555555555
2,1,0.1111111111111111,0.05555555555555555
3,1,0.1111111111111111,0.08333333333333333
4,1,0.1111111111111111,0.1111111111111111
5,2,0.2222222222222222,0.2777777777777778
6,1,0.1111111111111111,0.16666666666666666
9,1,0.1111111111111111,0.25
