Size,Count,Frequency,Fraction of total molecules
1,3,0.3,0.08333333333333333
2,3,0.3,0.16666666666666666
3,1,0.1,0.08333333333333333
4,2,0.2,0.2222222222222222
16,1,0.1,0.4444444444444444
