Size,Count,Frequency,Fraction of total molecules
1,3,0.23076923076923078,0.08333333333333333
2,2,0.15384615384615385,0.1111111111111111
3,4,0.3076923076923077,0.3333333333333333
4,3,0.23076923076923078,0.3333333333333333
5,1,0.07692307692307693,0.1388888888888889
