Size,Count,Frequency,Fraction of total molecules
1,2,0.18181818181818182,0.05555555555555555
2,2,0.18181818181818182,0.1111111111111111
3,2,0.18181818181818182,0.16666666666666666
4,3,0.2727272727272727,0.3333333333333333
6,2,0.18181818181818182,0.3333333333333333
