Size,Count,Frequency,Fraction of total molecules
1,1,0.125,0.027777777777777776
2,1,0.125,0.05555555555555555
4,2,0.25,0.2222222222222222
5,2,0.25,0.2777777777777778
7,1,0.125,0.19444444444444445
8,1,0.125,0.2222222222222222
