Size,Count,Frequency,Fraction of total molecules
3,1,0.2,0.08333333333333333
6,1,0.2,0.16666666666666666
7,1,0.2,0.19444444444444445
10,2,0.4,0.5555555555555556
