Size,Count,Frequency,Fraction of total molecules
1,1,0.125,0.027777777777777776
2,2,0.25,0.1111111111111111
4,2,0.25,0.2222222222222222
5,1,0.125,0.1388888888888889
6,1,0.125,0.16666666666666666
12,1,0.125,0.3333333333333333
