Size,Count,Frequency,Fraction of total molecules
1,2,0.25,0.05555555555555555
2,1,0.125,0.05555555555555555
4,1,0.125,0.1111111111111111
5,1,0.125,0.1388888888888889
6,1,0.125,0.16666666666666666
8,1,0.125,0.2222222222222222
9,1,0.125,0.25
