Size,Count,Frequency,Fraction of total molecules
1,1,0.125,0.027777777777777776
2,1,0.125,0.05555555555555555
3,2,0.25,0.16666666666666666
4,2,0.25,0.2222222222222222
7,1,0.125,0.19444444444444445
12,1,0.125,0.3333333333333333
