Size,Count,Frequency,Fraction of total molecules
1,2,0.2222222222222222,0.05555555555555555
2,3,0.3333333333333333,0.16666666666666666
4,3,0.3333333333333333,0.3333333333333333
16,1,0.1111111111111111,0.4444444444444444
