Size,Count,Frequency,Fraction of total molecules
1,2,0.18181818181818182,0.05555555555555555
2,2,0.18181818181818182,0.1111111111111111
4,5,0.45454545454545453,0.5555555555555556
5,2,0.18181818181818182,0.2777777777777778
