Size,Count,Frequency,Fraction of total molecules
1,2,0.18181818181818182,0.05555555555555555
2,1,0.09090909090909091,0.05555555555555555
3,3,0.2727272727272727,0.25
4,3,0.2727272727272727,0.3333333333333333
5,1,0.09090909090909091,0.1388888888888889
6,1,0.09090909090909091,0.16666666666666666
