Size,Count,Frequency,Fraction of total molecules
1,2,0.3333333333333333,0.05555555555555555
3,2,0.3333333333333333,0.16666666666666666
11,1,0.16666666666666666,0.3055555555555556
17,1,0.16666666666666666,0.4722222222222222
