Size,Count,Frequency,Fraction of total molecules
1,3,0.25,0.08333333333333333
2,3,0.25,0.16666666666666666
3,1,0.08333333333333333,0.08333333333333333
4,4,0.3333333333333333,0.4444444444444444
8,1,0.08333333333333333,0.2222222222222222
