Size,Count,Frequency,Fraction of total molecules
1,5,0.4166666666666667,0.1388888888888889
2,3,0.25,0.16666666666666666
4,1,0.08333333333333333,0.1111111111111111
5,1,0.08333333333333333,0.1388888888888889
7,1,0.08333333333333333,0.19444444444444445
9,1,0.08333333333333333,0.25
