Size,Count,Frequency,Fraction of total molecules
2,2,0.2857142857142857,0.1111111111111111
4,2,0.2857142857142857,0.2222222222222222
5,1,0.14285714285714285,0.1388888888888889
7,1,0.14285714285714285,0.19444444444444445
12,1,0.14285714285714285,0.3333333333333333
