Size,Count,Frequency,Fraction of total molecules
1,3,0.25,0.08333333333333333
2,2,0.16666666666666666,0.1111111111111111
3,3,0.25,0.25
4,1,0.08333333333333333,0.1111111111111111
5,2,0.16666666666666666,0.2777777777777778
6,1,0.08333333333333333,0.16666666666666666
