Size,Count,Frequency,Fraction of total molecules
1,2,0.2,0.05555555555555555
2,3,0.3,0.16666666666666666
4,3,0.3,0.3333333333333333
5,1,0.1,0.1388888888888889
11,1,0.1,0.3055555555555556
