Size,Count,Frequency,Fraction of total molecules
2,3,0.375,0.16666666666666666
3,1,0.125,0.08333333333333333
4,1,0.125,0.1111111111111111
5,1,0.125,0.1388888888888889
8,1,0.125,0.2222222222222222
10,1,0.125,0.2777777777777778
