Size,Count,Frequency,Fraction of total molecules
2,2,0.2222222222222222,0.1111111111111111
3,3,0.3333333333333333,0.25
4,3,0.3333333333333333,0.3333333333333333
11,1,0.1111111111111111,0.3055555555555556
