Size,Count,Frequency,Fraction of total molecules
1,6,0.375,0.16666666666666666
2,6,0.375,0.3333333333333333
3,2,0.125,0.16666666666666666
6,2,0.125,0.3333333333333333
