Size,Count,Frequency,Fraction of total molecules
1,5,0.38461538461538464,0.1388888888888889
2,3,0.23076923076923078,0.16666666666666666
3,1,0.07692307692307693,0.08333333333333333
4,2,0.15384615384615385,0.2222222222222222
6,1,0.07692307692307693,0.16666666666666666
8,1,0.07692307692307693,0.2222222222222222
