Size,Count,Frequency,Fraction of total molecules
1,4,0.2857142857142857,0.1111111111111111
2,1,0.07142857142857142,0.05555555555555555
3,6,0.42857142857142855,0.5
4,3,0.21428571428571427,0.3333333333333333
