Size,Count,Frequency,Fraction of total molecules
3,1,0.16666666666666666,0.08333333333333333
4,1,0.16666666666666666,0.1111111111111111
5,1,0.16666666666666666,0.1388888888888889
6,2,0.3333333333333333,0.3333333333333333
12,1,0.16666666666666666,0.3333333333333333
