Size,Count,Frequency,Fraction of total molecules
1,1,0.16666666666666666,0.027777777777777776
2,2,0.3333333333333333,0.1111111111111111
5,1,0.16666666666666666,0.1388888888888889
8,1,0.16666666666666666,0.2222222222222222
18,1,0.16666666666666666,0.5
