Size,Count,Frequency,Fraction of total molecules
1,5,0.3333333333333333,0.1388888888888889
2,4,0.26666666666666666,0.2222222222222222
3,2,0.13333333333333333,0.16666666666666666
4,3,0.2,0.3333333333333333
5,1,0.06666666666666667,0.1388888888888889
