Size,Count,Frequency,Fraction of total molecules
2,2,0.2857142857142857,0.1111111111111111
4,1,0.14285714285714285,0.1111111111111111
5,1,0.14285714285714285,0.1388888888888889
7,2,0.2857142857142857,0.3888888888888889
9,1,0.14285714285714285,0.25
