Size,Count,Frequency,Fraction of total molecules
1,2,0.25,0.05555555555555555
2,3,0.375,0.16666666666666666
5,1,0.125,0.1388888888888889
8,1,0.125,0.2222222222222222
15,1,0.125,0.4166666666666667
