Size,Count,Frequency,Fraction of total molecules
2,1,0.125,0.05555555555555555
3,2,0.25,0.16666666666666666
4,3,0.375,0.3333333333333333
7,1,0.125,0.19444444444444445
9,1,0.125,0.25
