Size,Count,Frequency,Fraction of total molecules
1,6,0.4,0.16666666666666666
2,2,0.13333333333333333,0.1111111111111111
3,4,0.26666666666666666,0.3333333333333333
4,2,0.13333333333333333,0.2222222222222222
6,1,0.06666666666666667,0.16666666666666666
