Size,Count,Frequency,Fraction of total molecules
2,2,0.25,0.1111111111111111
3,1,0.125,0.08333333333333333
5,3,0.375,0.4166666666666667
6,1,0.125,0.16666666666666666
8,1,0.125,0.2222222222222222
