Size,Count,Frequency,Fraction of total molecules
2,2,0.4,0.1111111111111111
3,1,0.2,0.08333333333333333
4,1,0.2,0.1111111111111111
25,1,0.2,0.6944444444444444
