Size,Count,Frequency,Fraction of total molecules
1,1,0.1,0.027777777777777776
2,2,0.2,0.1111111111111111
3,1,0.1,0.08333333333333333
4,4,0.4,0.4444444444444444
5,1,0.1,0.1388888888888889
7,1,0.1,0.19444444444444445
