Size,Count,Frequency,Fraction of total molecules
1,3,0.3333333333333333,0.08333333333333333
2,2,0.2222222222222222,0.1111111111111111
4,1,0.1111111111111111,0.1111111111111111
5,2,0.2222222222222222,0.2777777777777778
15,1,0.1111111111111111,0.4166666666666667
