Size,Count,Frequency,Fraction of total molecules
1,2,0.2,0.05555555555555555
2,2,0.2,0.1111111111111111
3,1,0.1,0.08333333333333333
4,4,0.4,0.4444444444444444
11,1,0.1,0.3055555555555556
