Size,Count,Frequency,Fraction of total molecules
1,5,0.3333333333333333,0.1388888888888889
2,3,0.2,0.16666666666666666
3,3,0.2,0.25
4,4,0.26666666666666666,0.4444444444444444
