Size,Count,Frequency,Fraction of total molecules
2,2,0.25,0.1111111111111111
4,2,0.25,0.2222222222222222
5,3,0.375,0.4166666666666667
9,1,0.125,0.25
