Size,Count,Frequency,Fraction of total molecules
1,1,0.1111111111111111,0.027777777777777776
3,1,0.1111111111111111,0.08333333333333333
4,4,0.4444444444444444,0.4444444444444444
5,2,0.2222222222222222,0.2777777777777778
6,1,0.1111111111111111,0.16666666666666666
