Size,Count,Frequency,Fraction of total molecules
1,2,0.2857142857142857,0.05555555555555555
2,2,0.2857142857142857,0.1111111111111111
6,1,0.14285714285714285,0.16666666666666666
9,1,0.14285714285714285,0.25
15,1,0.14285714285714285,0.4166666666666667
