Size,Count,Frequency,Fraction of total molecules
1,4,0.4444444444444444,0.1111111111111111
2,2,0.2222222222222222,0.1111111111111111
4,1,0.1111111111111111,0.1111111111111111
11,1,0.1111111111111111,0.3055555555555556
13,1,0.1111111111111111,0.3611111111111111
