Size,Count,Frequency,Fraction of total molecules
1,4,0.36363636363636365,0.1111111111111111
2,2,0.18181818181818182,0.1111111111111111
4,2,0.18181818181818182,0.2222222222222222
6,2,0.18181818181818182,0.3333333333333333
8,1,0.09090909090909091,0.2222222222222222
