Size,Count,Frequency,Fraction of total molecules
1,6,0.375,0.16666666666666666
2,4,0.25,0.2222222222222222
3,2,0.125,0.16666666666666666
4,4,0.25,0.4444444444444444
