Size,Count,Frequency,Fraction of total molecules
2,1,0.1111111111111111,0.05555555555555555
3,4,0.4444444444444444,0.3333333333333333
4,2,0.2222222222222222,0.2222222222222222
5,1,0.1111111111111111,0.1388888888888889
9,1,0.1111111111111111,0.25
