Size,Count,Frequency,Fraction of total molecules
1,1,0.125,0.027777777777777776
2,2,0.25,0.1111111111111111
4,1,0.125,0.1111111111111111
5,3,0.375,0.4166666666666667
12,1,0.125,0.3333333333333333
