Size,Count,Frequency,Fraction of total molecules
1,1,0.1,0.027777777777777776
2,2,0.2,0.1111111111111111
3,1,0.1,0.08333333333333333
4,3,0.3,0.3333333333333333
5,2,0.2,0.2777777777777778
6,1,0.1,0.16666666666666666
