Size,Count,Frequency,Fraction of total molecules
3,1,0.2,0.08333333333333333
4,2,0.4,0.2222222222222222
5,1,0.2,0.1388888888888889
20,1,0.2,0.5555555555555556
