Size,Count,Frequency,Fraction of total molecules
1,1,0.125,0.027777777777777776
2,2,0.25,0.1111111111111111
4,1,0.125,0.1111111111111111
6,3,0.375,0.5
9,1,0.125,0.25
