Size,Count,Frequency,Fraction of total molecules
1,5,0.3333333333333333,0.1388888888888889
2,2,0.13333333333333333,0.1111111111111111
3,5,0.3333333333333333,0.4166666666666667
4,3,0.2,0.3333333333333333
