Size,Count,Frequency,Fraction of total molecules
2,2,0.25,0.1111111111111111
3,1,0.125,0.08333333333333333
4,1,0.125,0.1111111111111111
5,2,0.25,0.2777777777777778
6,1,0.125,0.16666666666666666
9,1,0.125,0.25
