Size,Count,Frequency,Fraction of total molecules
1,2,0.25,0.05555555555555555
2,1,0.125,0.05555555555555555
3,1,0.125,0.08333333333333333
4,1,0.125,0.1111111111111111
5,2,0.25,0.2777777777777778
15,1,0.125,0.4166666666666667
