Size,Count,Frequency,Fraction of total molecules
1,1,0.2,0.027777777777777776
2,1,0.2,0.05555555555555555
5,1,0.2,0.1388888888888889
9,1,0.2,0.25
19,1,0.2,0.5277777777777778
