Size,Count,Frequency,Fraction of total molecules
2,2,0.2857142857142857,0.1111111111111111
4,1,0.14285714285714285,0.1111111111111111
5,2,0.2857142857142857,0.2777777777777778
7,1,0.14285714285714285,0.19444444444444445
11,1,0.14285714285714285,0.3055555555555556
