Size,Count,Frequency,Fraction of total molecules
1,16,0.64,0.4444444444444444
2,7,0.28,0.3888888888888889
3,2,0.08,0.16666666666666666
