Size,Count,Frequency,Fraction of total molecules
1,3,0.3,0.08333333333333333
2,2,0.2,0.1111111111111111
3,2,0.2,0.16666666666666666
5,2,0.2,0.2777777777777778
13,1,0.1,0.3611111111111111
