Size,Count,Frequency,Fraction of total molecules
3,1,0.25,0.08333333333333333
5,1,0.25,0.1388888888888889
8,1,0.25,0.2222222222222222
20,1,0.25,0.5555555555555556
