Size,Count,Frequency,Fraction of total molecules
1,1,0.125,0.027777777777777776
2,2,0.25,0.1111111111111111
3,1,0.125,0.08333333333333333
4,1,0.125,0.1111111111111111
5,2,0.25,0.2777777777777778
14,1,0.125,0.3888888888888889
