Size,Count,Frequency,Fraction of total molecules
3,1,0.25,0.08333333333333333
5,2,0.5,0.2777777777777778
23,1,0.25,0.6388888888888888
