Size,Count,Frequency,Fraction of total molecules
1,2,0.18181818181818182,0.05555555555555555
2,3,0.2727272727272727,0.16666666666666666
4,3,0.2727272727272727,0.3333333333333333
5,2,0.18181818181818182,0.2777777777777778
6,1,0.09090909090909091,0.16666666666666666
