Size,Count,Frequency,Fraction of total molecules
1,1,0.09090909090909091,0.027777777777777776
2,3,0.2727272727272727,0.16666666666666666
3,1,0.09090909090909091,0.08333333333333333
4,4,0.36363636363636365,0.4444444444444444
5,2,0.18181818181818182,0.2777777777777778
