Size,Count,Frequency,Fraction of total molecules
1,4,0.3076923076923077,0.1111111111111111
2,2,0.15384615384615385,0.1111111111111111
3,5,0.38461538461538464,0.4166666666666667
4,1,0.07692307692307693,0.1111111111111111
9,1,0.07692307692307693,0.25
