Size,Count,Frequency,Fraction of total molecules
1,1,0.1111111111111111,0.027777777777777776
2,2,0.2222222222222222,0.1111111111111111
4,2,0.2222222222222222,0.2222222222222222
5,3,0.3333333333333333,0.4166666666666667
8,1,0.1111111111111111,0.2222222222222222
