Size,Count,Frequency,Fraction of total molecules
1,4,0.2857142857142857,0.1111111111111111
2,4,0.2857142857142857,0.2222222222222222
3,3,0.21428571428571427,0.25
4,1,0.07142857142857142,0.1111111111111111
5,1,0.07142857142857142,0.1388888888888889
6,1,0.07142857142857142,0.16666666666666666
