Size,Count,Frequency,Fraction of total molecules
1,5,0.3333333333333333,0.1388888888888889
2,5,0.3333333333333333,0.2777777777777778
3,2,0.13333333333333333,0.16666666666666666
4,1,0.06666666666666667,0.1111111111111111
5,1,0.06666666666666667,0.1388888888888889
6,1,0.06666666666666667,0.16666666666666666
