Size,Count,Frequency,Fraction of total molecules
2,1,0.2,0.05555555555555555
4,1,0.2,0.1111111111111111
5,1,0.2,0.1388888888888889
11,1,0.2,0.3055555555555556
14,1,0.2,0.3888888888888889
