Size,Count,Frequency,Fraction of total molecules
1,1,0.1111111111111111,0.027777777777777776
2,2,0.2222222222222222,0.1111111111111111
4,3,0.3333333333333333,0.3333333333333333
5,2,0.2222222222222222,0.2777777777777778
9,1,0.1111111111111111,0.25
