Size,Count,Frequency,Fraction of total molecules
2,1,0.2,0.05555555555555555
3,1,0.2,0.08333333333333333
5,1,0.2,0.1388888888888889
12,1,0.2,0.3333333333333333
14,1,0.2,0.3888888888888889
