Size,Count,Frequency,Fraction of total molecules
1,3,0.3,0.08333333333333333
2,2,0.2,0.1111111111111111
3,1,0.1,0.08333333333333333
4,1,0.1,0.1111111111111111
5,2,0.2,0.2777777777777778
12,1,0.1,0.3333333333333333
