Size,Count,Frequency,Fraction of total molecules
1,3,0.21428571428571427,0.08333333333333333
2,5,0.35714285714285715,0.2777777777777778
3,2,0.14285714285714285,0.16666666666666666
4,3,0.21428571428571427,0.3333333333333333
5,1,0.07142857142857142,0.1388888888888889
