Size,"NWASP,NCK,NEPHRIN",Count,Frequency in clusters of the same size
2,"0,1,1",1,0.5
2,"1,1,0",1,0.5
4,"1,2,1",1,1.0
6,"1,4,1",1,0.3333333333333333
6,"2,3,1",1,0.3333333333333333
6,"2,4,0",1,0.3333333333333333
9,"2,5,2",1,1.0
