Size,"NWASP,NCK,NEPHRIN",Count,Frequency in clusters of the same size
2,"0,1,1",1,0.25
2,"1,1,0",3,0.75
3,"1,2,0",1,1.0
4,"0,3,1",1,0.3333333333333333
4,"1,2,1",2,0.6666666666666666
6,"2,3,1",2,1.0
