Size,"NWASP,NCK,NEPHRIN",Frequency in clusters of the same size
2,"0,1,1",0.11666666666666665
2,"1,1,0",0.8833333333333333
3,"1,1,1",0.06666666666666667
3,"1,2,0",0.9333333333333332
4,"1,2,1",1.0
5,"1,3,1",1.0
6,"2,3,1",1.0
7,"2,4,1",1.0
14,"3,8,3",1.0
17,"4,9,4",1.0
22,"5,13,4",1.0
