Size,"NWASP,NCK,NEPHRIN",Frequency in clusters of the same size
2,"0,1,1",0.13888888888888887
2,"1,1,0",0.8611111111111112
3,"1,1,1",0.05555555555555555
3,"1,2,0",0.9444444444444443
4,"1,2,1",1.0
5,"1,3,1",1.0
6,"2,3,1",1.0
7,"1,4,2",1.0
9,"2,5,2",1.0
10,"2,6,2",1.0
12,"3,7,2",1.0
