Size,"NWASP,NCK,NEPHRIN",Frequency in clusters of the same size
2,"1,1,0",1.0
3,"1,1,1",0.1111111111111111
3,"1,2,0",0.8888888888888888
4,"1,2,1",1.0
5,"1,3,1",0.9333333333333332
5,"2,3,0",0.06666666666666667
6,"1,4,1",0.5
6,"2,3,1",0.5
7,"2,4,1",1.0
8,"2,4,2",0.5
8,"2,5,1",0.5
11,"3,6,2",1.0
12,"3,7,2",1.0
14,"4,7,3",1.0
