Size,"NWASP,NCK,NEPHRIN",Frequency in clusters of the same size
2,"0,1,1",0.03333333333333333
2,"1,1,0",0.9666666666666667
3,"1,1,1",0.125
3,"1,2,0",0.875
4,"1,2,1",1.0
5,"1,3,1",1.0
6,"1,4,1",0.2
6,"2,3,1",0.6
6,"2,4,0",0.2
7,"1,4,2",0.5
7,"2,4,1",0.5
8,"2,4,2",1.0
9,"2,5,2",1.0
