Size,"NWASP,NCK,NEPHRIN",Frequency in clusters of the same size
2,"0,1,1",0.08333333333333333
2,"1,1,0",0.9166666666666666
3,"0,2,1",0.125
3,"1,1,1",0.125
3,"1,2,0",0.75
4,"1,2,1",1.0
5,"1,3,1",1.0
6,"1,3,2",0.5
6,"2,3,1",0.5
8,"2,4,2",0.75
8,"3,5,0",0.25
10,"2,6,2",1.0
13,"3,8,2",1.0
17,"4,9,4",1.0
