Size,"NWASP,NCK,NEPHRIN",Frequency in clusters of the same size
2,"1,1,0",1.0
3,"1,2,0",1.0
4,"1,2,1",1.0
5,"1,3,1",1.0
6,"1,4,1",0.3333333333333333
6,"2,3,1",0.6666666666666666
7,"1,4,2",0.25
7,"2,4,1",0.75
8,"2,4,2",1.0
9,"2,5,2",1.0
11,"3,6,2",1.0
14,"4,7,3",1.0
16,"5,8,3",1.0
