Size,"NWASP,NCK,NEPHRIN",Frequency in clusters of the same size
2,"0,1,1",0.03333333333333333
2,"1,1,0",0.9666666666666668
3,"1,1,1",0.1
3,"1,2,0",0.7
3,"2,1,0",0.2
4,"1,2,1",1.0
5,"1,3,1",0.6666666666666666
5,"2,2,1",0.3333333333333333
6,"1,4,1",0.5
6,"2,3,1",0.5
7,"1,4,2",1.0
8,"2,4,2",1.0
9,"2,5,2",1.0
10,"2,6,2",1.0
11,"3,6,2",1.0
15,"4,8,3",1.0
20,"5,11,4",1.0
