Size,"NWASP,NCK,NEPHRIN",Frequency in clusters of the same size
2,"1,1,0",1.0
3,"1,1,1",0.3125
3,"1,2,0",0.6875
4,"1,2,1",1.0
5,"1,3,1",0.8333333333333334
5,"2,3,0",0.16666666666666666
6,"2,3,1",1.0
7,"2,4,1",1.0
9,"2,5,2",1.0
13,"4,6,3",1.0
14,"4,7,3",1.0
18,"5,10,3",1.0
