Size,"NWASP,NCK,NEPHRIN",Frequency in clusters of the same size
2,"1,1,0",1.0
3,"1,2,0",1.0
4,"1,2,1",1.0
5,"1,3,1",1.0
6,"1,4,1",0.08333333333333333
6,"2,3,1",0.9166666666666666
7,"2,4,1",1.0
12,"3,7,2",1.0
22,"6,12,4",1.0
