Size,"NWASP,NCK,NEPHRIN",Frequency in clusters of the same size
2,"1,1,0",1.0
3,"1,2,0",1.0
4,"1,2,1",0.9333333333333332
4,"2,2,0",0.06666666666666667
5,"1,3,1",0.8333333333333334
5,"2,2,1",0.16666666666666666
6,"2,3,1",1.0
7,"2,4,1",1.0
9,"2,5,2",0.6666666666666666
9,"3,5,1",0.3333333333333333
11,"3,6,2",1.0
16,"4,9,3",1.0
17,"4,9,4",1.0
23,"5,13,5",1.0
