Size,"NWASP,NCK,NEPHRIN",Frequency in clusters of the same size
2,"0,1,1",0.11666666666666665
2,"1,1,0",0.8833333333333333
3,"0,2,1",0.041666666666666664
3,"1,2,0",0.9583333333333334
4,"1,2,1",0.75
4,"1,3,0",0.25
5,"1,2,2",0.1111111111111111
5,"1,3,1",0.8888888888888888
8,"2,4,2",1.0
9,"2,5,2",1.0
14,"3,7,4",1.0
