Size,"NWASP,NCK,NEPHRIN",Frequency in clusters of the same size
2,"0,1,1",0.041666666666666664
2,"1,1,0",0.9583333333333334
3,"1,2,0",1.0
4,"1,2,1",0.8
4,"1,3,0",0.2
5,"1,3,1",1.0
6,"1,3,2",0.16666666666666666
6,"2,3,1",0.8333333333333334
8,"2,4,2",1.0
10,"2,6,2",0.5
10,"3,5,2",0.5
11,"3,6,2",1.0
18,"5,10,3",1.0
