Size,"NWASP,NCK,NEPHRIN",Frequency in clusters of the same size
2,"1,1,0",1.0
3,"1,1,1",0.1111111111111111
3,"1,2,0",0.8888888888888888
4,"1,2,1",1.0
5,"1,3,1",1.0
6,"2,3,1",1.0
8,"2,4,2",0.5
8,"2,5,1",0.5
9,"2,5,2",1.0
10,"2,6,2",1.0
11,"3,6,2",1.0
12,"3,7,2",1.0
15,"3,9,3",1.0
16,"4,9,3",1.0
