Size,"NWASP,NCK,NEPHRIN",Frequency in clusters of the same size
2,"0,1,1",0.08333333333333333
2,"1,1,0",0.9166666666666666
3,"1,2,0",1.0
4,"1,2,1",0.9444444444444445
4,"1,3,0",0.05555555555555555
5,"1,3,1",1.0
6,"2,3,1",1.0
7,"2,4,1",1.0
8,"2,4,2",1.0
10,"2,6,2",0.5
10,"3,5,2",0.5
11,"3,6,2",1.0
12,"3,7,2",1.0
15,"4,8,3",1.0
