Size,"NWASP,NCK,NEPHRIN",Frequency in clusters of the same size
2,"0,1,1",0.08888888888888889
2,"1,1,0",0.9111111111111111
3,"0,2,1",0.041666666666666664
3,"1,1,1",0.13888888888888887
3,"1,2,0",0.8194444444444443
4,"1,2,1",1.0
5,"1,3,1",1.0
7,"1,4,2",1.0
8,"2,4,2",1.0
9,"2,5,2",1.0
11,"3,6,2",1.0
