Size,"NWASP,NCK,NEPHRIN",Frequency in clusters of the same size
2,"0,1,1",0.32579365079365075
2,"1,1,0",0.6742063492063491
3,"0,2,1",0.023809523809523808
3,"1,1,1",0.05555555555555555
3,"1,2,0",0.9206349206349208
4,"1,2,1",0.4583333333333333
4,"1,3,0",0.5416666666666666
5,"2,3,0",1.0
6,"1,4,1",1.0
