Size,"NWASP,NCK,NEPHRIN",Frequency in clusters of the same size
2,"0,1,1",0.1722222222222222
2,"1,1,0",0.8277777777777778
3,"1,1,1",0.125
3,"1,2,0",0.875
4,"1,2,1",0.875
4,"1,3,0",0.125
5,"1,2,2",0.08333333333333333
5,"1,3,1",0.5416666666666666
5,"2,3,0",0.375
6,"1,3,2",1.0
8,"1,4,3",1.0
9,"2,5,2",1.0
