Size,"NWASP,NCK,NEPHRIN",Frequency in clusters of the same size
2,"0,1,1",0.09
2,"1,1,0",0.9099999999999999
3,"1,2,0",1.0
4,"1,2,1",1.0
5,"1,3,1",0.9166666666666666
5,"2,2,1",0.08333333333333333
8,"2,4,2",1.0
10,"3,5,2",0.5
10,"3,6,1",0.5
11,"3,6,2",1.0
13,"3,7,3",1.0
16,"4,9,3",1.0
17,"5,9,3",1.0
