Size,"NWASP,NCK,NEPHRIN",Frequency in clusters of the same size
2,"0,1,1",0.05555555555555555
2,"1,1,0",0.9444444444444443
3,"1,2,0",1.0
4,"1,2,1",1.0
5,"1,3,1",0.875
5,"2,2,1",0.125
6,"2,3,1",1.0
7,"2,3,2",0.5
7,"2,4,1",0.5
8,"2,4,2",1.0
9,"2,5,2",1.0
10,"2,6,2",1.0
11,"2,6,3",0.3333333333333333
11,"3,6,2",0.6666666666666666
12,"3,7,2",1.0
