Size,"NWASP,NCK,NEPHRIN",Frequency in clusters of the same size
2,"0,1,1",0.03333333333333333
2,"1,1,0",0.9666666666666667
3,"1,1,1",0.16666666666666666
3,"1,2,0",0.8333333333333334
4,"1,2,1",1.0
5,"1,3,1",1.0
6,"1,4,1",0.5
6,"2,3,1",0.5
7,"2,4,1",1.0
8,"2,4,2",1.0
10,"2,6,2",1.0
11,"3,6,2",1.0
15,"4,8,3",1.0
16,"4,9,3",1.0
