Size,"NWASP,NCK,NEPHRIN",Frequency in clusters of the same size
2,"1,1,0",1.0
3,"1,1,1",0.16666666666666666
3,"1,2,0",0.8333333333333333
4,"1,2,1",0.9
4,"2,2,0",0.1
5,"1,3,1",0.6666666666666666
5,"2,2,1",0.3333333333333333
6,"1,4,1",0.25
6,"2,3,1",0.75
7,"2,4,1",1.0
9,"2,5,2",1.0
11,"2,6,3",1.0
14,"3,8,3",1.0
21,"6,11,4",1.0
