Size,"NWASP,NCK,NEPHRIN",Frequency in clusters of the same size
2,"0,1,1",0.027777777777777776
2,"1,1,0",0.9722222222222223
3,"1,2,0",1.0
4,"1,2,1",0.8888888888888888
4,"2,2,0",0.1111111111111111
5,"1,3,1",1.0
6,"2,3,1",1.0
7,"1,4,2",0.5
7,"2,4,1",0.5
9,"2,5,2",1.0
10,"2,6,2",0.3333333333333333
10,"3,5,2",0.6666666666666666
11,"2,6,3",0.5
11,"3,6,2",0.5
13,"3,7,3",1.0
