Size,"NWASP,NCK,NEPHRIN",Frequency in clusters of the same size
2,"0,1,1",0.05555555555555555
2,"1,1,0",0.9444444444444443
3,"1,1,1",0.16666666666666666
3,"1,2,0",0.8333333333333333
4,"1,2,1",1.0
5,"1,3,1",0.875
5,"2,3,0",0.125
6,"1,4,1",0.5
6,"2,3,1",0.5
7,"2,4,1",1.0
8,"2,4,2",1.0
9,"2,5,2",1.0
12,"3,7,2",1.0
17,"4,10,3",1.0
