Size,"NWASP,NCK,NEPHRIN",Frequency in clusters of the same size
2,"0,1,1",0.041666666666666664
2,"1,1,0",0.9583333333333334
3,"0,2,1",0.06666666666666667
3,"1,2,0",0.9333333333333332
4,"1,2,1",1.0
5,"1,3,1",1.0
6,"2,3,1",1.0
8,"2,4,2",1.0
10,"2,6,2",1.0
11,"3,6,2",1.0
13,"3,7,3",1.0
15,"4,8,3",1.0
20,"5,11,4",1.0
