Size,"NWASP,NCK,NEPHRIN",Frequency in clusters of the same size
2,"1,1,0",1.0
3,"1,2,0",1.0
4,"1,2,1",0.9166666666666666
4,"2,2,0",0.08333333333333333
5,"1,3,1",1.0
6,"2,3,1",1.0
9,"2,5,2",1.0
11,"3,6,2",1.0
12,"3,7,2",0.5
12,"4,6,2",0.5
13,"4,7,2",1.0
16,"4,9,3",1.0
