Size,"NWASP,NCK,NEPHRIN",Frequency in clusters of the same size
2,"0,1,1",0.25
2,"1,1,0",0.75
3,"0,2,1",0.08333333333333333
3,"1,1,1",0.08333333333333333
3,"1,2,0",0.8333333333333333
4,"1,2,1",0.9166666666666666
4,"2,2,0",0.08333333333333333
5,"1,3,1",0.9166666666666666
5,"2,3,0",0.08333333333333333
6,"2,3,1",1.0
7,"2,4,1",1.0
9,"2,5,2",0.5
9,"3,5,1",0.5
11,"3,6,2",1.0
15,"4,8,3",1.0
