Size,"NWASP,NCK,NEPHRIN",Frequency in clusters of the same size
2,"1,1,0",1.0
3,"1,1,1",0.20833333333333331
3,"1,2,0",0.7916666666666666
4,"1,2,1",1.0
5,"1,3,1",1.0
7,"2,4,1",1.0
9,"2,5,2",1.0
10,"2,6,2",1.0
11,"3,6,2",1.0
12,"3,7,2",1.0
18,"4,10,4",1.0
