Size,"NWASP,NCK,NEPHRIN",Frequency in clusters of the same size
2,"0,1,1",0.08333333333333333
2,"1,1,0",0.9166666666666666
3,"1,1,1",0.125
3,"1,2,0",0.875
4,"1,2,1",1.0
5,"1,3,1",1.0
6,"2,3,1",1.0
7,"2,4,1",1.0
11,"3,6,2",1.0
14,"4,7,3",1.0
16,"4,9,3",1.0
23,"6,13,4",1.0
