Size,"NWASP,NCK,NEPHRIN",Frequency in clusters of the same size
2,"0,1,1",0.2638888888888889
2,"1,1,0",0.736111111111111
3,"0,2,1",0.06666666666666667
3,"1,2,0",0.9333333333333332
4,"1,2,1",0.3333333333333333
4,"1,3,0",0.5
4,"2,2,0",0.16666666666666666
5,"1,2,2",0.125
5,"1,3,1",0.875
6,"1,4,1",0.5
6,"2,4,0",0.5
