Size,"NWASP,NCK,NEPHRIN",Frequency in clusters of the same size
2,"0,1,1",0.13888888888888887
2,"1,1,0",0.861111111111111
3,"0,2,1",0.06666666666666667
3,"1,2,0",0.9333333333333332
4,"1,2,1",0.9333333333333333
4,"1,3,0",0.06666666666666667
5,"1,3,1",0.8
5,"2,3,0",0.2
7,"2,3,2",0.25
7,"2,4,1",0.75
8,"2,4,2",1.0
9,"2,5,2",1.0
11,"3,6,2",1.0
