Size,"NWASP,NCK,NEPHRIN",Frequency in clusters of the same size
2,"1,1,0",1.0
3,"0,2,1",0.1
3,"1,2,0",0.9
4,"1,2,1",1.0
5,"1,3,1",0.8333333333333333
5,"2,3,0",0.16666666666666666
6,"2,3,1",1.0
7,"2,4,1",1.0
9,"2,5,2",0.6666666666666666
9,"3,5,1",0.3333333333333333
10,"2,6,2",1.0
11,"3,6,2",1.0
14,"3,8,3",1.0
