Size,"NWASP,NCK,NEPHRIN",Frequency in clusters of the same size
2,"0,1,1",0.13888888888888887
2,"1,1,0",0.861111111111111
3,"1,2,0",1.0
4,"1,2,1",1.0
5,"1,3,1",0.875
5,"2,2,1",0.125
6,"1,4,1",0.25
6,"2,3,1",0.75
7,"2,4,1",1.0
8,"1,5,2",0.5
8,"2,4,2",0.5
9,"2,5,2",1.0
11,"3,6,2",1.0
21,"5,12,4",1.0
