Size,"NWASP,NCK,NEPHRIN",Frequency in clusters of the same size
2,"0,1,1",0.11666666666666665
2,"1,1,0",0.8833333333333333
3,"0,2,1",0.041666666666666664
3,"1,2,0",0.9583333333333334
4,"1,2,1",1.0
5,"1,2,2",0.16666666666666666
5,"1,3,1",0.8333333333333333
6,"1,3,2",1.0
8,"2,4,2",1.0
9,"2,5,2",1.0
10,"3,5,2",1.0
18,"4,10,4",1.0
