Size,"NWASP,NCK,NEPHRIN",Frequency in clusters of the same size
2,"0,1,1",0.16666666666666666
2,"1,1,0",0.8333333333333334
3,"1,2,0",1.0
4,"1,2,1",1.0
5,"1,3,1",0.82
5,"2,2,1",0.04
5,"2,3,0",0.13999999999999999
6,"1,3,2",0.125
6,"1,4,1",0.125
6,"2,3,1",0.75
7,"2,4,1",1.0
9,"3,5,1",1.0
11,"3,6,2",1.0
15,"4,8,3",1.0
