Size,"NWASP,NCK,NEPHRIN",Frequency in clusters of the same size
2,"1,1,0",1.0
4,"1,2,1",1.0
5,"1,3,1",1.0
6,"2,3,1",1.0
7,"2,4,1",1.0
8,"2,4,2",0.5
8,"3,4,1",0.5
9,"2,5,2",1.0
11,"3,6,2",1.0
12,"3,7,2",0.6666666666666666
12,"4,6,2",0.3333333333333333
15,"4,8,3",1.0
