Size,"NWASP,NCK,NEPHRIN",Frequency in clusters of the same size
2,"1,1,0",1.0
3,"1,1,1",0.25
3,"1,2,0",0.75
4,"1,2,1",1.0
5,"1,3,1",1.0
6,"2,3,1",1.0
7,"1,4,2",0.3333333333333333
7,"2,4,1",0.6666666666666666
8,"2,4,2",1.0
9,"2,5,2",1.0
11,"2,6,3",1.0
