Size,"NWASP,NCK,NEPHRIN",Frequency in clusters of the same size
2,"0,1,1",0.21944444444444441
2,"1,1,0",0.7805555555555554
3,"0,2,1",0.041666666666666664
3,"1,1,1",0.041666666666666664
3,"1,2,0",0.9166666666666666
4,"1,2,1",0.75
4,"1,3,0",0.25
5,"1,3,1",0.6666666666666666
5,"2,3,0",0.3333333333333333
6,"2,4,0",1.0
7,"1,4,2",0.5
7,"2,3,2",0.5
10,"2,5,3",1.0
