Size,"NWASP,NCK,NEPHRIN",Frequency in clusters of the same size
2,"0,1,1",0.21666666666666667
2,"1,1,0",0.7833333333333333
3,"0,2,1",0.075
3,"1,2,0",0.9249999999999999
4,"1,2,1",0.9375
4,"2,2,0",0.0625
5,"1,2,2",0.16666666666666666
5,"1,3,1",0.6666666666666666
5,"2,3,0",0.16666666666666666
6,"2,4,0",1.0
