Size,"NWASP,NCK,NEPHRIN",Frequency in clusters of the same size
2,"1,1,0",1.0
3,"0,2,1",0.16666666666666666
3,"1,1,1",0.16666666666666666
3,"1,2,0",0.6666666666666666
4,"1,2,1",1.0
5,"1,3,1",1.0
6,"1,3,2",0.3333333333333333
6,"1,4,1",0.3333333333333333
6,"2,3,1",0.3333333333333333
8,"2,4,2",0.5
8,"3,4,1",0.5
9,"2,5,2",0.6666666666666666
9,"3,5,1",0.3333333333333333
12,"3,7,2",1.0
13,"3,7,3",1.0
