Size,"NWASP,NCK,NEPHRIN",Frequency in clusters of the same size
2,"0,1,1",0.15555555555555556
2,"1,1,0",0.8444444444444444
3,"0,2,1",0.027777777777777776
3,"1,1,1",0.041666666666666664
3,"1,2,0",0.9305555555555555
4,"1,2,1",1.0
5,"1,3,1",1.0
6,"1,4,1",1.0
7,"1,4,2",0.5
7,"2,3,2",0.5
8,"2,4,2",1.0
9,"2,5,2",1.0
