Size,"NWASP,NCK,NEPHRIN",Frequency in clusters of the same size
2,"0,1,1",0.05555555555555555
2,"1,1,0",0.9444444444444443
3,"1,2,0",1.0
4,"1,2,1",1.0
5,"1,3,1",1.0
6,"2,3,1",1.0
9,"2,5,2",1.0
10,"3,5,2",1.0
11,"3,6,2",1.0
13,"3,7,3",1.0
