Size,"NWASP,NCK,NEPHRIN",Frequency in clusters of the same size
2,"0,1,1",0.08333333333333333
2,"1,1,0",0.9166666666666666
3,"1,2,0",1.0
4,"1,2,1",1.0
5,"1,3,1",1.0
6,"1,4,1",0.16666666666666666
6,"2,3,1",0.8333333333333333
7,"2,4,1",1.0
9,"2,5,2",1.0
10,"3,5,2",1.0
11,"3,6,2",1.0
25,"7,14,4",1.0
