Size,"NWASP,NCK,NEPHRIN",Frequency in clusters of the same size
2,"1,1,0",1.0
3,"1,2,0",1.0
4,"1,2,1",0.9166666666666666
4,"2,2,0",0.08333333333333333
5,"1,3,1",1.0
6,"2,3,1",1.0
7,"2,3,2",0.25
7,"2,4,1",0.75
8,"2,4,2",1.0
10,"2,6,2",1.0
11,"3,6,2",1.0
15,"4,8,3",1.0
