Size,"NWASP,NCK,NEPHRIN",Frequency in clusters of the same size
2,"0,1,1",0.16984126984126982
2,"1,1,0",0.83015873015873
3,"0,2,1",0.125
3,"1,2,0",0.7916666666666666
3,"2,1,0",0.08333333333333333
4,"1,2,1",0.5
4,"2,2,0",0.5
5,"2,3,0",1.0
6,"1,4,1",1.0
