Size,"NWASP,NCK,NEPHRIN",Frequency in clusters of the same size
2,"1,1,0",1.0
3,"1,1,1",0.6666666666666666
3,"1,2,0",0.3333333333333333
4,"1,2,1",1.0
5,"1,3,1",1.0
9,"2,5,2",1.0
11,"3,6,2",1.0
12,"3,7,2",1.0
15,"4,8,3",1.0
17,"4,10,3",1.0
