Size,"NWASP,NCK,NEPHRIN",Frequency in clusters of the same size
2,"0,1,1",0.12380952380952381
2,"1,1,0",0.8761904761904763
3,"1,2,0",1.0
4,"1,2,1",1.0
5,"1,3,1",1.0
6,"1,4,1",0.3333333333333333
6,"2,3,1",0.6666666666666666
8,"2,4,2",1.0
9,"2,5,2",1.0
11,"3,6,2",1.0
16,"4,9,3",1.0
20,"5,11,4",1.0
