Size,"NWASP,NCK,NEPHRIN",Frequency in clusters of the same size
2,"1,1,0",1.0
3,"1,1,1",0.16666666666666666
3,"1,2,0",0.8333333333333333
4,"1,2,1",1.0
5,"1,3,1",1.0
6,"2,3,1",1.0
15,"4,8,3",1.0
17,"4,10,3",1.0
18,"4,10,4",1.0
