Size,"NWASP,NCK,NEPHRIN",Frequency in clusters of the same size
2,"0,1,1",0.1
2,"1,1,0",0.9
3,"0,2,1",0.2
3,"1,2,0",0.8
4,"1,2,1",1.0
5,"1,3,1",0.9166666666666666
5,"2,3,0",0.08333333333333333
6,"1,4,1",0.25
6,"2,3,1",0.75
10,"2,6,2",0.6666666666666666
10,"3,5,2",0.3333333333333333
12,"3,6,3",0.5
12,"4,6,2",0.5
13,"4,6,3",1.0
20,"5,11,4",1.0
