Size,"NWASP,NCK,NEPHRIN",Frequency in clusters of the same size
2,"1,1,0",1.0
3,"1,1,1",0.3333333333333333
3,"1,2,0",0.6666666666666666
4,"1,2,1",1.0
5,"1,3,1",1.0
6,"2,3,1",1.0
7,"2,4,1",1.0
8,"2,4,2",1.0
10,"3,5,2",0.5
10,"3,6,1",0.5
11,"3,6,2",1.0
14,"3,8,3",1.0
15,"4,8,3",1.0
17,"4,10,3",1.0
