Size,"NWASP,NCK,NEPHRIN",Frequency in clusters of the same size
2,"0,1,1",0.125
2,"1,1,0",0.875
3,"1,2,0",1.0
4,"1,2,1",1.0
5,"1,3,1",0.875
5,"2,3,0",0.125
6,"2,3,1",1.0
7,"2,4,1",1.0
8,"2,4,2",1.0
10,"2,6,2",0.3333333333333333
10,"3,5,2",0.6666666666666666
12,"4,6,2",1.0
15,"4,8,3",1.0
22,"6,12,4",1.0
