Size,"NWASP,NCK,NEPHRIN",Frequency in clusters of the same size
2,"0,1,1",0.16666666666666666
2,"1,1,0",0.8333333333333334
3,"1,2,0",1.0
4,"1,2,1",1.0
5,"1,3,1",1.0
6,"2,3,1",1.0
7,"2,4,1",1.0
9,"2,5,2",1.0
10,"2,5,3",0.5
10,"2,6,2",0.5
11,"3,6,2",1.0
19,"5,10,4",1.0
