Size,"NWASP,NCK,NEPHRIN",Frequency in clusters of the same size
2,"0,1,1",0.06666666666666667
2,"1,1,0",0.9333333333333332
3,"1,2,0",1.0
4,"1,2,1",0.8
4,"2,2,0",0.2
5,"1,3,1",1.0
6,"1,4,1",0.25
6,"2,3,1",0.75
7,"2,4,1",1.0
8,"1,5,2",0.3333333333333333
8,"2,4,2",0.6666666666666666
9,"2,5,2",1.0
15,"3,9,3",1.0
17,"5,9,3",1.0
22,"6,12,4",1.0
