Size,"NWASP,NCK,NEPHRIN",Frequency in clusters of the same size
2,"1,1,0",1.0
3,"0,2,1",0.06666666666666667
3,"1,1,1",0.06666666666666667
3,"1,2,0",0.8666666666666666
4,"1,2,1",0.9333333333333332
4,"1,3,0",0.06666666666666667
5,"1,3,1",1.0
6,"2,3,1",1.0
7,"1,4,2",0.5
7,"2,4,1",0.5
8,"2,4,2",1.0
9,"2,5,2",1.0
10,"3,5,2",1.0
12,"3,6,3",1.0
20,"5,12,3",1.0
