Size,"NWASP,NCK,NEPHRIN",Frequency in clusters of the same size
2,"1,1,0",1.0
3,"0,2,1",0.25
3,"1,2,0",0.75
4,"1,2,1",0.9666666666666667
4,"1,3,0",0.03333333333333333
5,"1,3,1",1.0
6,"2,3,1",1.0
8,"2,4,2",1.0
9,"2,5,2",1.0
10,"3,5,2",1.0
11,"3,6,2",1.0
15,"4,8,3",1.0
