Size,"NWASP,NCK,NEPHRIN",Frequency in clusters of the same size
2,"0,1,1",0.03333333333333333
2,"1,1,0",0.9666666666666667
3,"1,1,1",0.06666666666666667
3,"1,2,0",0.9333333333333332
4,"0,3,1",0.1
4,"1,2,1",0.9
5,"1,3,1",1.0
6,"2,3,1",1.0
7,"1,4,2",0.3333333333333333
7,"2,3,2",0.3333333333333333
7,"2,4,1",0.3333333333333333
8,"2,4,2",1.0
9,"2,5,2",1.0
10,"2,6,2",1.0
15,"4,8,3",1.0
16,"4,9,3",1.0
