Size,"NWASP,NCK,NEPHRIN",Frequency in clusters of the same size
2,"0,1,1",0.06666666666666667
2,"1,1,0",0.9333333333333332
3,"0,2,1",0.2
3,"1,1,1",0.1
3,"1,2,0",0.7
4,"1,2,1",1.0
5,"1,3,1",1.0
6,"2,3,1",1.0
7,"2,4,1",1.0
10,"3,5,2",1.0
11,"3,6,2",1.0
12,"3,7,2",1.0
15,"4,8,3",1.0
17,"4,9,4",1.0
21,"5,12,4",1.0
