Size,"NWASP,NCK,NEPHRIN",Frequency in clusters of the same size
2,"0,1,1",0.11666666666666665
2,"1,1,0",0.8833333333333333
3,"1,2,0",1.0
4,"1,2,1",1.0
5,"1,3,1",1.0
6,"1,4,1",0.16666666666666666
6,"2,3,1",0.6666666666666666
6,"2,4,0",0.16666666666666666
7,"2,4,1",1.0
9,"2,5,2",1.0
10,"2,6,2",1.0
11,"3,6,2",1.0
12,"3,6,3",1.0
14,"3,8,3",1.0
