Size,"NWASP,NCK,NEPHRIN",Frequency in clusters of the same size
2,"1,1,0",1.0
3,"0,2,1",0.1111111111111111
3,"1,1,1",0.16666666666666666
3,"1,2,0",0.7222222222222222
4,"1,2,1",1.0
5,"1,3,1",1.0
6,"2,3,1",1.0
8,"2,4,2",1.0
10,"2,6,2",0.25
10,"3,5,2",0.75
14,"3,8,3",1.0
16,"3,9,4",1.0
