Size,"NWASP,NCK,NEPHRIN",Frequency in clusters of the same size
2,"1,1,0",1.0
3,"1,2,0",1.0
4,"1,2,1",1.0
5,"1,3,1",1.0
6,"1,4,1",0.16666666666666666
6,"2,3,1",0.8333333333333334
7,"2,4,1",1.0
10,"2,6,2",1.0
11,"2,7,2",0.5
11,"3,6,2",0.5
14,"3,8,3",1.0
17,"4,9,4",1.0
