Size,"NWASP,NCK,NEPHRIN",Frequency in clusters of the same size
2,"0,1,1",0.11666666666666665
2,"1,1,0",0.8833333333333334
3,"1,1,1",0.2
3,"1,2,0",0.8
4,"1,2,1",1.0
5,"1,3,1",1.0
6,"1,4,1",0.5
6,"2,3,1",0.5
7,"2,4,1",1.0
8,"2,5,1",1.0
10,"2,6,2",0.6666666666666666
10,"3,5,2",0.3333333333333333
11,"3,6,2",1.0
12,"3,6,3",0.25
12,"3,7,2",0.75
16,"4,9,3",1.0
