Size,"NWASP,NCK,NEPHRIN",Frequency in clusters of the same size
2,"1,1,0",1.0
3,"1,1,1",0.25
3,"1,2,0",0.75
4,"1,2,1",1.0
5,"1,3,1",0.6666666666666666
5,"2,2,1",0.3333333333333333
6,"1,4,1",0.5
6,"2,3,1",0.5
7,"2,4,1",1.0
10,"2,6,2",1.0
11,"2,6,3",0.3333333333333333
11,"3,6,2",0.6666666666666666
12,"3,6,3",1.0
15,"4,8,3",1.0
16,"4,9,3",1.0
