Size,"NWASP,NCK,NEPHRIN",Frequency in clusters of the same size
2,"1,1,0",1.0
3,"1,2,0",1.0
4,"1,2,1",0.8
4,"1,3,0",0.2
5,"1,3,1",1.0
6,"1,3,2",0.3333333333333333
6,"2,3,1",0.6666666666666666
7,"2,4,1",1.0
9,"3,4,2",1.0
18,"4,10,4",1.0
19,"5,11,3",1.0
26,"6,14,6",1.0
