Size,"NWASP,NCK,NEPHRIN",Frequency in clusters of the same size
2,"0,1,1",0.05
2,"1,1,0",0.95
3,"0,2,1",0.16666666666666666
3,"1,2,0",0.8333333333333334
4,"0,3,1",0.06666666666666667
4,"1,2,1",0.8333333333333333
4,"2,2,0",0.1
5,"1,3,1",1.0
6,"2,3,1",1.0
8,"2,4,2",1.0
9,"2,5,2",0.75
9,"3,5,1",0.25
15,"4,8,3",1.0
