Size,"NWASP,NCK,NEPHRIN",Frequency in clusters of the same size
2,"1,1,0",1.0
3,"0,2,1",0.05555555555555555
3,"1,1,1",0.05555555555555555
3,"1,2,0",0.8888888888888888
4,"1,2,1",1.0
5,"1,3,1",0.9333333333333332
5,"2,2,1",0.06666666666666667
6,"1,3,2",1.0
7,"2,4,1",1.0
8,"2,5,1",1.0
10,"3,5,2",1.0
13,"4,7,2",1.0
15,"4,8,3",1.0
