Size,"NWASP,NCK,NEPHRIN",Frequency in clusters of the same size
2,"0,1,1",0.05
2,"1,1,0",0.95
3,"0,2,1",0.06666666666666667
3,"1,1,1",0.13333333333333333
3,"1,2,0",0.8
4,"1,2,1",1.0
5,"1,3,1",0.9333333333333332
5,"2,2,1",0.06666666666666667
6,"1,3,2",0.5
6,"2,3,1",0.5
7,"2,4,1",1.0
9,"2,5,2",1.0
10,"3,5,2",1.0
12,"3,7,2",1.0
18,"5,9,4",1.0
