Size,"NWASP,NCK,NEPHRIN",Frequency in clusters of the same size
2,"0,1,1",0.041666666666666664
2,"1,1,0",0.9583333333333334
3,"1,1,1",0.5
3,"1,2,0",0.5
4,"1,2,1",1.0
5,"1,3,1",1.0
6,"1,4,1",0.5
6,"2,3,1",0.5
8,"2,4,2",1.0
9,"2,5,2",0.5
9,"3,5,1",0.5
10,"3,5,2",1.0
11,"3,6,2",1.0
22,"6,12,4",1.0
23,"7,12,4",1.0
