Size,"NWASP,NCK,NEPHRIN",Frequency in clusters of the same size
2,"0,1,1",0.03333333333333333
2,"1,1,0",0.9666666666666667
3,"1,2,0",1.0
4,"1,2,1",1.0
5,"1,3,1",1.0
8,"2,4,2",1.0
11,"2,6,3",0.25
11,"3,6,2",0.75
13,"3,7,3",1.0
14,"3,8,3",1.0
20,"5,11,4",1.0
