Size,"NWASP,NCK,NEPHRIN",Frequency in clusters of the same size
2,"1,1,0",1.0
3,"0,2,1",0.3333333333333333
3,"1,2,0",0.6666666666666666
4,"1,2,1",0.6666666666666666
4,"2,2,0",0.3333333333333333
5,"1,3,1",1.0
6,"2,3,1",1.0
7,"2,4,1",1.0
9,"2,5,2",1.0
11,"3,6,2",1.0
13,"4,7,2",1.0
16,"4,9,3",1.0
