Size,"NWASP,NCK,NEPHRIN",Frequency in clusters of the same size
2,"0,1,1",0.24960317460317458
2,"1,1,0",0.7503968253968254
3,"1,2,0",1.0
4,"0,3,1",0.125
4,"1,2,1",0.875
5,"1,3,1",0.6666666666666666
5,"2,3,0",0.3333333333333333
6,"2,4,0",1.0
7,"2,3,2",1.0
