Size,"NWASP,NCK,NEPHRIN",Frequency in clusters of the same size
2,"0,1,1",0.05555555555555555
2,"1,1,0",0.9444444444444443
3,"0,2,1",0.08333333333333333
3,"1,2,0",0.9166666666666666
4,"1,2,1",0.9166666666666666
4,"1,3,0",0.08333333333333333
5,"1,3,1",1.0
6,"2,3,1",0.5
6,"2,4,0",0.5
7,"2,3,2",1.0
8,"2,4,2",1.0
9,"2,5,2",1.0
10,"2,5,3",0.5
10,"2,6,2",0.5
