Size,"NWASP,NCK,NEPHRIN",Frequency in clusters of the same size
2,"1,1,0",1.0
3,"1,1,1",0.08333333333333333
3,"1,2,0",0.9166666666666666
4,"1,2,1",1.0
5,"1,3,1",0.9333333333333332
5,"2,3,0",0.06666666666666667
6,"2,3,1",1.0
7,"1,4,2",1.0
13,"3,7,3",1.0
22,"5,13,4",1.0
