Size,"NWASP,NCK,NEPHRIN",Frequency in clusters of the same size
2,"0,1,1",0.125
2,"1,1,0",0.875
3,"1,1,1",0.08333333333333333
3,"1,2,0",0.9166666666666666
4,"1,2,1",1.0
5,"1,3,1",0.9
5,"2,2,1",0.1
7,"2,4,1",1.0
8,"2,4,2",1.0
10,"3,5,2",1.0
16,"4,9,3",1.0
17,"4,10,3",1.0
