Size,"NWASP,NCK,NEPHRIN",Frequency in clusters of the same size
2,"0,1,1",0.041666666666666664
2,"1,1,0",0.9583333333333334
3,"1,1,1",0.27777777777777773
3,"1,2,0",0.7222222222222222
4,"0,3,1",0.06666666666666667
4,"1,2,1",0.8333333333333333
4,"2,2,0",0.1
5,"1,3,1",0.875
5,"2,3,0",0.125
6,"2,3,1",1.0
7,"1,4,2",1.0
8,"2,4,2",1.0
9,"2,5,2",1.0
11,"3,6,2",1.0
13,"3,7,3",1.0
