Size,"NWASP,NCK,NEPHRIN",Frequency in clusters of the same size
2,"0,1,1",0.08333333333333333
2,"1,1,0",0.9166666666666666
3,"1,2,0",1.0
4,"1,2,1",1.0
5,"1,3,1",1.0
6,"2,3,1",1.0
9,"2,5,2",0.5
9,"3,5,1",0.5
11,"3,6,2",1.0
14,"3,8,3",1.0
15,"4,8,3",1.0
18,"4,10,4",1.0
22,"6,12,4",1.0
