Size,"NWASP,NCK,NEPHRIN",Frequency in clusters of the same size
2,"0,1,1",0.06944444444444443
2,"1,1,0",0.9305555555555557
3,"1,2,0",1.0
4,"1,2,1",1.0
5,"1,3,1",1.0
7,"1,4,2",0.5
7,"2,4,1",0.5
8,"2,4,2",1.0
10,"2,6,2",0.5
10,"3,5,2",0.5
12,"3,7,2",1.0
13,"3,7,3",1.0
14,"3,8,3",1.0
15,"4,8,3",1.0
