Size,"NWASP,NCK,NEPHRIN",Frequency in clusters of the same size
2,"0,1,1",0.11666666666666665
2,"1,1,0",0.8833333333333333
3,"1,1,1",0.05555555555555555
3,"1,2,0",0.9444444444444443
4,"1,2,1",0.8333333333333334
4,"2,2,0",0.16666666666666666
5,"1,3,1",1.0
6,"2,3,1",1.0
9,"2,5,2",1.0
11,"2,6,3",1.0
12,"3,6,3",1.0
14,"4,7,3",1.0
