Size,"NWASP,NCK,NEPHRIN",Frequency in clusters of the same size
2,"0,1,1",0.06666666666666667
2,"1,1,0",0.9333333333333332
3,"0,2,1",0.1
3,"1,2,0",0.9
4,"1,2,1",1.0
5,"1,3,1",0.9166666666666666
5,"2,2,1",0.08333333333333333
6,"2,3,1",1.0
7,"2,4,1",1.0
9,"2,5,2",1.0
10,"3,5,2",1.0
11,"3,6,2",1.0
23,"7,12,4",1.0
