Size,"NWASP,NCK,NEPHRIN",Frequency in clusters of the same size
2,"0,1,1",0.09
2,"1,1,0",0.9099999999999999
3,"0,2,1",0.2
3,"1,2,0",0.8
4,"1,2,1",0.9166666666666666
4,"1,3,0",0.08333333333333333
5,"1,3,1",1.0
6,"1,3,2",0.25
6,"1,4,1",0.125
6,"2,3,1",0.625
8,"2,4,2",1.0
11,"3,6,2",1.0
13,"3,7,3",1.0
