Size,Frequency,Fraction of total molecules
1,0.7232142857142857,0.55
2,0.21428571428571427,0.3
3,0.0625,0.15
