Size,Frequency,Fraction of total molecules
1,0.9444444444444444,0.9
2,0.05555555555555555,0.1
