,Clusters,NWASP,NCK,NEPHRIN
0,2,0.475,0.5,0.025
1,3,0.33333333333333337,0.6444444444444446,0.022222222222222206
2,4,0.25,0.525,0.225
3,5,0.2,0.6,0.2
4,6,0.25,0.5,0.25
5,7,0.21428571428571427,0.5714285714285714,0.21428571428571427
6,8,0.25,0.5,0.25
7,10,0.2,0.5,0.3
8,13,0.23076923076923078,0.5384615384615384,0.23076923076923078
