Cluster size,frequency,foTM
1,0.3123192596876807,0.1388888888888889
2,0.2992842683632157,0.2666666666666666
3,0.2118493348756506,0.2666666666666666
4,0.1249493927125506,0.2
5,0.0230263157894736,0.0555555555555555
6,0.0142857142857142,0.0333333333333333
7,0.0142857142857142,0.0388888888888888
