Cluster size,frequency,foTM
1,0.1607359307359307,0.0555555555555555
2,0.3774458874458874,0.2666666666666666
3,0.2322510822510822,0.25
4,0.1416883116883117,0.2
6,0.0348484848484848,0.0666666666666666
8,0.0166666666666666,0.0444444444444444
10,0.0181818181818181,0.0555555555555555
11,0.0181818181818181,0.0611111111111111
