Cluster size,frequency,foTM
1,0.1316666666666666,0.0333333333333333
2,0.236111111111111,0.1222222222222222
3,0.1744444444444444,0.1333333333333333
4,0.1472222222222222,0.1555555555555555
5,0.1138888888888888,0.1388888888888889
6,0.0422222222222222,0.0666666666666666
7,0.065,0.1166666666666666
8,0.0422222222222222,0.0888888888888888
11,0.025,0.0611111111111111
15,0.0222222222222222,0.0833333333333333
