Cluster size,frequency,foTM
1,0.1706818181818182,0.0611111111111111
2,0.3562121212121212,0.2333333333333333
3,0.2077272727272727,0.2
4,0.1413636363636363,0.1777777777777777
5,0.0325,0.0555555555555555
7,0.0166666666666666,0.0388888888888888
9,0.0548484848484848,0.15
15,0.02,0.0833333333333333
