Size,Count,Frequency,Fraction of total molecules
1,5,0.8333333333333334,0.5
5,1,0.16666666666666666,0.5
