BondCounts,frequency
1,0.2139673105497771
2,0.34323922734026746
3,0.2704309063893016
4,0.13670133729569092
5,0.03566121842496285
