Size,Count,Frequency,Fraction of total molecules
1,3,0.23076923076923078,0.08333333333333333
2,5,0.38461538461538464,0.2777777777777778
3,2,0.15384615384615385,0.16666666666666666
4,2,0.15384615384615385,0.2222222222222222
9,1,0.07692307692307693,0.25
