Size,Count,Frequency,Fraction of total molecules
1,5,0.45454545454545453,0.1388888888888889
2,1,0.09090909090909091,0.05555555555555555
3,2,0.18181818181818182,0.16666666666666666
5,1,0.09090909090909091,0.1388888888888889
8,1,0.09090909090909091,0.2222222222222222
10,1,0.09090909090909091,0.2777777777777778
