Size,Count,Frequency,Fraction of total molecules
1,1,0.125,0.027777777777777776
3,1,0.125,0.08333333333333333
4,3,0.375,0.3333333333333333
5,1,0.125,0.1388888888888889
7,1,0.125,0.19444444444444445
8,1,0.125,0.2222222222222222
