Size,Count,Frequency,Fraction of total molecules
1,4,0.4444444444444444,0.1111111111111111
3,1,0.1111111111111111,0.08333333333333333
4,2,0.2222222222222222,0.2222222222222222
5,1,0.1111111111111111,0.1388888888888889
16,1,0.1111111111111111,0.4444444444444444
