Size,Count,Frequency,Fraction of total molecules
2,3,0.3333333333333333,0.16666666666666666
3,1,0.1111111111111111,0.08333333333333333
4,3,0.3333333333333333,0.3333333333333333
5,1,0.1111111111111111,0.1388888888888889
10,1,0.1111111111111111,0.2777777777777778
