Size,Count,Frequency,Fraction of total molecules
1,3,0.3,0.08333333333333333
2,1,0.1,0.05555555555555555
3,2,0.2,0.16666666666666666
4,2,0.2,0.2222222222222222
8,1,0.1,0.2222222222222222
9,1,0.1,0.25
