Size,Count,Frequency,Fraction of total molecules
1,8,0.4444444444444444,0.2222222222222222
2,6,0.3333333333333333,0.3333333333333333
3,2,0.1111111111111111,0.16666666666666666
4,1,0.05555555555555555,0.1111111111111111
6,1,0.05555555555555555,0.16666666666666666
