Size,Count,Frequency,Fraction of total molecules
1,2,0.4,0.05555555555555555
3,1,0.2,0.08333333333333333
10,1,0.2,0.2777777777777778
21,1,0.2,0.5833333333333334
