Size,Count,Frequency,Fraction of total molecules
1,1,0.125,0.027777777777777776
2,2,0.25,0.1111111111111111
4,2,0.25,0.2222222222222222
5,2,0.25,0.2777777777777778
13,1,0.125,0.3611111111111111
