Size,Count,Frequency,Fraction of total molecules
4,1,0.3333333333333333,0.1111111111111111
15,1,0.3333333333333333,0.4166666666666667
17,1,0.3333333333333333,0.4722222222222222
