Size,Count,Frequency,Fraction of total molecules
1,3,0.2727272727272727,0.08333333333333333
3,3,0.2727272727272727,0.25
4,3,0.2727272727272727,0.3333333333333333
5,1,0.09090909090909091,0.1388888888888889
7,1,0.09090909090909091,0.19444444444444445
