Size,Count,Frequency,Fraction of total molecules
1,3,0.375,0.08333333333333333
2,3,0.375,0.16666666666666666
11,1,0.125,0.3055555555555556
16,1,0.125,0.4444444444444444
