Size,Count,Frequency,Fraction of total molecules
1,3,0.3,0.08333333333333333
2,1,0.1,0.05555555555555555
3,2,0.2,0.16666666666666666
4,3,0.3,0.3333333333333333
13,1,0.1,0.3611111111111111
