Size,Count,Frequency,Fraction of total molecules
3,2,0.3333333333333333,0.16666666666666666
4,1,0.16666666666666666,0.1111111111111111
6,1,0.16666666666666666,0.16666666666666666
8,1,0.16666666666666666,0.2222222222222222
12,1,0.16666666666666666,0.3333333333333333
