Size,Count,Frequency,Fraction of total molecules
1,2,0.2222222222222222,0.05555555555555555
2,4,0.4444444444444444,0.2222222222222222
4,1,0.1111111111111111,0.1111111111111111
11,2,0.2222222222222222,0.6111111111111112
