Size,Count,Frequency,Fraction of total molecules
1,2,0.25,0.05555555555555555
2,1,0.125,0.05555555555555555
3,1,0.125,0.08333333333333333
5,2,0.25,0.2777777777777778
6,1,0.125,0.16666666666666666
13,1,0.125,0.3611111111111111
