Size,Count,Frequency,Fraction of total molecules
2,1,0.16666666666666666,0.05555555555555555
3,1,0.16666666666666666,0.08333333333333333
4,1,0.16666666666666666,0.1111111111111111
6,1,0.16666666666666666,0.16666666666666666
9,1,0.16666666666666666,0.25
12,1,0.16666666666666666,0.3333333333333333
