Size,Count,Frequency,Fraction of total molecules
1,2,0.4,0.05555555555555555
2,1,0.2,0.05555555555555555
11,1,0.2,0.3055555555555556
21,1,0.2,0.5833333333333334
