Size,Count,Frequency,Fraction of total molecules
1,3,0.3333333333333333,0.08333333333333333
2,1,0.1111111111111111,0.05555555555555555
3,2,0.2222222222222222,0.16666666666666666
4,2,0.2222222222222222,0.2222222222222222
17,1,0.1111111111111111,0.4722222222222222
