Size,Count,Frequency,Fraction of total molecules
1,2,0.2222222222222222,0.05555555555555555
2,3,0.3333333333333333,0.16666666666666666
4,2,0.2222222222222222,0.2222222222222222
7,1,0.1111111111111111,0.19444444444444445
13,1,0.1111111111111111,0.3611111111111111
