Size,Count,Frequency,Fraction of total molecules
1,2,0.2,0.05555555555555555
3,2,0.2,0.16666666666666666
4,4,0.4,0.4444444444444444
6,2,0.2,0.3333333333333333
