Size,Count,Frequency,Fraction of total molecules
1,4,0.4,0.1111111111111111
2,1,0.1,0.05555555555555555
3,1,0.1,0.08333333333333333
4,1,0.1,0.1111111111111111
5,2,0.2,0.2777777777777778
13,1,0.1,0.3611111111111111
