Size,Count,Frequency,Fraction of total molecules
1,1,0.2,0.027777777777777776
2,1,0.2,0.05555555555555555
4,1,0.2,0.1111111111111111
14,1,0.2,0.3888888888888889
15,1,0.2,0.4166666666666667
