Size,Count,Frequency,Fraction of total molecules
2,1,0.2,0.05555555555555555
4,1,0.2,0.1111111111111111
5,1,0.2,0.1388888888888889
8,1,0.2,0.2222222222222222
17,1,0.2,0.4722222222222222
