Size,Count,Frequency,Fraction of total molecules
1,3,0.3333333333333333,0.08333333333333333
2,3,0.3333333333333333,0.16666666666666666
4,1,0.1111111111111111,0.1111111111111111
5,1,0.1111111111111111,0.1388888888888889
18,1,0.1111111111111111,0.5
