Size,Count,Frequency,Fraction of total molecules
2,1,0.25,0.05555555555555555
10,1,0.25,0.2777777777777778
11,1,0.25,0.3055555555555556
13,1,0.25,0.3611111111111111
