Size,Count,Frequency,Fraction of total molecules
1,3,0.5,0.08333333333333333
4,1,0.16666666666666666,0.1111111111111111
6,1,0.16666666666666666,0.16666666666666666
23,1,0.16666666666666666,0.6388888888888888
