Size,Count,Frequency,Fraction of total molecules
3,1,0.5,0.08333333333333333
33,1,0.5,0.9166666666666666
