Size,Count,Frequency,Fraction of total molecules
1,1,0.1,0.027777777777777776
2,4,0.4,0.2222222222222222
3,1,0.1,0.08333333333333333
4,1,0.1,0.1111111111111111
5,1,0.1,0.1388888888888889
6,1,0.1,0.16666666666666666
9,1,0.1,0.25
