Size,Count,Frequency,Fraction of total molecules
3,1,0.2,0.08333333333333333
4,1,0.2,0.1111111111111111
5,1,0.2,0.1388888888888889
11,1,0.2,0.3055555555555556
13,1,0.2,0.3611111111111111
