Size,Count,Frequency,Fraction of total molecules
1,1,0.25,0.027777777777777776
5,1,0.25,0.1388888888888889
10,1,0.25,0.2777777777777778
20,1,0.25,0.5555555555555556
