Size,Count,Frequency,Fraction of total molecules
1,1,0.125,0.027777777777777776
2,3,0.375,0.16666666666666666
3,1,0.125,0.08333333333333333
5,1,0.125,0.1388888888888889
6,1,0.125,0.16666666666666666
15,1,0.125,0.4166666666666667
