Size,Count,Frequency,Fraction of total molecules
1,2,0.3333333333333333,0.05555555555555555
3,1,0.16666666666666666,0.08333333333333333
6,1,0.16666666666666666,0.16666666666666666
10,1,0.16666666666666666,0.2777777777777778
15,1,0.16666666666666666,0.4166666666666667
