Size,Count,Frequency,Fraction of total molecules
1,3,0.375,0.08333333333333333
2,3,0.375,0.16666666666666666
5,1,0.125,0.1388888888888889
22,1,0.125,0.6111111111111112
