Size,Count,Frequency,Fraction of total molecules
1,1,0.1,0.027777777777777776
2,1,0.1,0.05555555555555555
3,2,0.2,0.16666666666666666
4,5,0.5,0.5555555555555556
7,1,0.1,0.19444444444444445
