Size,Count,Frequency,Fraction of total molecules
1,2,0.2857142857142857,0.05555555555555555
2,1,0.14285714285714285,0.05555555555555555
5,1,0.14285714285714285,0.1388888888888889
8,1,0.14285714285714285,0.2222222222222222
9,1,0.14285714285714285,0.25
10,1,0.14285714285714285,0.2777777777777778
