Size,Count,Frequency,Fraction of total molecules
1,2,0.3333333333333333,0.05555555555555555
2,1,0.16666666666666666,0.05555555555555555
6,1,0.16666666666666666,0.16666666666666666
8,1,0.16666666666666666,0.2222222222222222
18,1,0.16666666666666666,0.5
