Size,Count,Frequency,Fraction of total molecules
1,2,0.25,0.05555555555555555
2,2,0.25,0.1111111111111111
4,2,0.25,0.2222222222222222
6,1,0.125,0.16666666666666666
16,1,0.125,0.4444444444444444
