Size,Count,Frequency,Fraction of total molecules
1,1,0.16666666666666666,0.027777777777777776
2,1,0.16666666666666666,0.05555555555555555
3,1,0.16666666666666666,0.08333333333333333
4,1,0.16666666666666666,0.1111111111111111
6,1,0.16666666666666666,0.16666666666666666
20,1,0.16666666666666666,0.5555555555555556
