Size,Count,Frequency,Fraction of total molecules
3,2,0.3333333333333333,0.16666666666666666
4,2,0.3333333333333333,0.2222222222222222
6,1,0.16666666666666666,0.16666666666666666
16,1,0.16666666666666666,0.4444444444444444
