Size,Count,Frequency,Fraction of total molecules
1,3,0.5,0.08333333333333333
10,1,0.16666666666666666,0.2777777777777778
11,1,0.16666666666666666,0.3055555555555556
12,1,0.16666666666666666,0.3333333333333333
