Size,Count,Frequency,Fraction of total molecules
2,3,0.3333333333333333,0.16666666666666666
4,3,0.3333333333333333,0.3333333333333333
5,1,0.1111111111111111,0.1388888888888889
6,1,0.1111111111111111,0.16666666666666666
7,1,0.1111111111111111,0.19444444444444445
