Size,Count,Frequency,Fraction of total molecules
1,2,0.25,0.05555555555555555
2,2,0.25,0.1111111111111111
3,1,0.125,0.08333333333333333
5,2,0.25,0.2777777777777778
17,1,0.125,0.4722222222222222
