Size,Count,Frequency,Fraction of total molecules
1,1,0.1,0.027777777777777776
2,4,0.4,0.2222222222222222
5,3,0.3,0.4166666666666667
6,2,0.2,0.3333333333333333
