Size,Count,Frequency,Fraction of total molecules
2,3,0.375,0.16666666666666666
4,1,0.125,0.1111111111111111
5,2,0.25,0.2777777777777778
8,2,0.25,0.4444444444444444
