Size,Count,Frequency,Fraction of total molecules
1,1,0.16666666666666666,0.027777777777777776
2,1,0.16666666666666666,0.05555555555555555
5,1,0.16666666666666666,0.1388888888888889
7,1,0.16666666666666666,0.19444444444444445
10,1,0.16666666666666666,0.2777777777777778
11,1,0.16666666666666666,0.3055555555555556
