Size,Count,Frequency,Fraction of total molecules
1,1,0.1,0.027777777777777776
2,3,0.3,0.16666666666666666
3,2,0.2,0.16666666666666666
4,3,0.3,0.3333333333333333
11,1,0.1,0.3055555555555556
