Size,Count,Frequency,Fraction of total molecules
1,8,0.5,0.2222222222222222
2,3,0.1875,0.16666666666666666
3,3,0.1875,0.25
5,1,0.0625,0.1388888888888889
8,1,0.0625,0.2222222222222222
