Size,Count,Frequency,Fraction of total molecules
1,3,0.5,0.08333333333333333
2,1,0.16666666666666666,0.05555555555555555
7,1,0.16666666666666666,0.19444444444444445
24,1,0.16666666666666666,0.6666666666666666
