Size,Count,Frequency,Fraction of total molecules
2,1,0.3333333333333333,0.05555555555555555
4,1,0.3333333333333333,0.1111111111111111
30,1,0.3333333333333333,0.8333333333333334
