Size,Count,Frequency,Fraction of total molecules
2,1,0.125,0.05555555555555555
3,1,0.125,0.08333333333333333
4,2,0.25,0.2222222222222222
5,2,0.25,0.2777777777777778
6,1,0.125,0.16666666666666666
7,1,0.125,0.19444444444444445
