Size,Count,Frequency,Fraction of total molecules
1,3,0.3,0.08333333333333333
2,3,0.3,0.16666666666666666
5,3,0.3,0.4166666666666667
12,1,0.1,0.3333333333333333
