Size,Count,Frequency,Fraction of total molecules
1,1,0.2,0.027777777777777776
2,1,0.2,0.05555555555555555
3,1,0.2,0.08333333333333333
4,1,0.2,0.1111111111111111
26,1,0.2,0.7222222222222222
