Size,Count,Frequency,Fraction of total molecules
1,2,0.2857142857142857,0.05555555555555555
2,1,0.14285714285714285,0.05555555555555555
6,1,0.14285714285714285,0.16666666666666666
7,1,0.14285714285714285,0.19444444444444445
9,1,0.14285714285714285,0.25
10,1,0.14285714285714285,0.2777777777777778
