Size,Count,Frequency,Fraction of total molecules
1,2,0.2,0.05555555555555555
3,3,0.3,0.25
4,3,0.3,0.3333333333333333
5,1,0.1,0.1388888888888889
8,1,0.1,0.2222222222222222
