Size,Count,Frequency,Fraction of total molecules
1,2,0.2,0.05555555555555555
2,4,0.4,0.2222222222222222
4,1,0.1,0.1111111111111111
5,2,0.2,0.2777777777777778
12,1,0.1,0.3333333333333333
