Size,Count,Frequency,Fraction of total molecules
1,3,0.42857142857142855,0.08333333333333333
2,3,0.42857142857142855,0.16666666666666666
27,1,0.14285714285714285,0.75
