Size,Count,Frequency,Fraction of total molecules
1,2,0.2857142857142857,0.05555555555555555
2,1,0.14285714285714285,0.05555555555555555
4,2,0.2857142857142857,0.2222222222222222
6,1,0.14285714285714285,0.16666666666666666
18,1,0.14285714285714285,0.5
