Size,Count,Frequency,Fraction of total molecules
1,1,0.1111111111111111,0.027777777777777776
2,3,0.3333333333333333,0.16666666666666666
3,2,0.2222222222222222,0.16666666666666666
4,1,0.1111111111111111,0.1111111111111111
5,1,0.1111111111111111,0.1388888888888889
14,1,0.1111111111111111,0.3888888888888889
