Size,Count,Frequency,Fraction of total molecules
2,1,0.25,0.05555555555555555
5,2,0.5,0.2777777777777778
24,1,0.25,0.6666666666666666
