Size,Count,Frequency,Fraction of total molecules
1,1,0.14285714285714285,0.027777777777777776
2,2,0.2857142857142857,0.1111111111111111
5,2,0.2857142857142857,0.2777777777777778
9,1,0.14285714285714285,0.25
12,1,0.14285714285714285,0.3333333333333333
