Size,Count,Frequency,Fraction of total molecules
1,6,0.4,0.16666666666666666
2,3,0.2,0.16666666666666666
3,5,0.3333333333333333,0.4166666666666667
9,1,0.06666666666666667,0.25
