Size,Count,Frequency,Fraction of total molecules
1,3,0.6,0.08333333333333333
2,1,0.2,0.05555555555555555
31,1,0.2,0.8611111111111112
