Size,Count,Frequency,Fraction of total molecules
1,3,0.5,0.08333333333333333
7,1,0.16666666666666666,0.19444444444444445
11,1,0.16666666666666666,0.3055555555555556
15,1,0.16666666666666666,0.4166666666666667
