Size,Count,Frequency,Fraction of total molecules
1,2,0.3333333333333333,0.05555555555555555
2,2,0.3333333333333333,0.1111111111111111
6,1,0.16666666666666666,0.16666666666666666
24,1,0.16666666666666666,0.6666666666666666
