Size,Count,Frequency,Fraction of total molecules
3,1,0.2,0.08333333333333333
4,1,0.2,0.1111111111111111
7,1,0.2,0.19444444444444445
11,2,0.4,0.6111111111111112
