Size,Count,Frequency,Fraction of total molecules
1,3,0.3,0.08333333333333333
2,2,0.2,0.1111111111111111
4,1,0.1,0.1111111111111111
5,2,0.2,0.2777777777777778
7,1,0.1,0.19444444444444445
8,1,0.1,0.2222222222222222
