Size,Count,Frequency,Fraction of total molecules
1,3,0.25,0.08333333333333333
2,3,0.25,0.16666666666666666
3,1,0.08333333333333333,0.08333333333333333
4,3,0.25,0.3333333333333333
5,1,0.08333333333333333,0.1388888888888889
7,1,0.08333333333333333,0.19444444444444445
