Size,Count,Frequency,Fraction of total molecules
1,4,0.25,0.1111111111111111
2,7,0.4375,0.3888888888888889
3,4,0.25,0.3333333333333333
6,1,0.0625,0.16666666666666666
