Size,Count,Frequency,Fraction of total molecules
1,3,0.2727272727272727,0.08333333333333333
2,5,0.45454545454545453,0.2777777777777778
4,1,0.09090909090909091,0.1111111111111111
8,1,0.09090909090909091,0.2222222222222222
11,1,0.09090909090909091,0.3055555555555556
