Size,Count,Frequency,Fraction of total molecules
2,3,0.3,0.16666666666666666
3,2,0.2,0.16666666666666666
4,1,0.1,0.1111111111111111
5,4,0.4,0.5555555555555556
