Size,Count,Frequency,Fraction of total molecules
1,4,0.3333333333333333,0.1111111111111111
2,2,0.16666666666666666,0.1111111111111111
3,4,0.3333333333333333,0.3333333333333333
6,1,0.08333333333333333,0.16666666666666666
10,1,0.08333333333333333,0.2777777777777778
