Size,Count,Frequency,Fraction of total molecules
1,4,0.5,0.1111111111111111
2,1,0.125,0.05555555555555555
4,1,0.125,0.1111111111111111
5,1,0.125,0.1388888888888889
21,1,0.125,0.5833333333333334
