Size,Count,Frequency,Fraction of total molecules
1,1,0.1,0.027777777777777776
2,4,0.4,0.2222222222222222
4,1,0.1,0.1111111111111111
5,3,0.3,0.4166666666666667
8,1,0.1,0.2222222222222222
