Size,Count,Frequency,Fraction of total molecules
1,6,0.6,0.16666666666666666
2,1,0.1,0.05555555555555555
5,1,0.1,0.1388888888888889
8,1,0.1,0.2222222222222222
15,1,0.1,0.4166666666666667
