Size,Count,Frequency,Fraction of total molecules
1,3,0.5,0.08333333333333333
2,1,0.16666666666666666,0.05555555555555555
15,1,0.16666666666666666,0.4166666666666667
16,1,0.16666666666666666,0.4444444444444444
