Size,Count,Frequency,Fraction of total molecules
4,1,0.2,0.1111111111111111
5,1,0.2,0.1388888888888889
7,1,0.2,0.19444444444444445
8,1,0.2,0.2222222222222222
12,1,0.2,0.3333333333333333
