Size,Count,Frequency,Fraction of total molecules
2,4,0.5,0.2222222222222222
3,1,0.125,0.08333333333333333
5,1,0.125,0.1388888888888889
9,1,0.125,0.25
11,1,0.125,0.3055555555555556
