Size,Count,Frequency,Fraction of total molecules
2,4,0.5,0.2222222222222222
3,1,0.125,0.08333333333333333
4,1,0.125,0.1111111111111111
5,1,0.125,0.1388888888888889
16,1,0.125,0.4444444444444444
