Size,Count,Frequency,Fraction of total molecules
2,4,0.4,0.2222222222222222
3,1,0.1,0.08333333333333333
4,1,0.1,0.1111111111111111
5,3,0.3,0.4166666666666667
6,1,0.1,0.16666666666666666
