Size,Count,Frequency,Fraction of total molecules
1,2,0.25,0.05555555555555555
2,2,0.25,0.1111111111111111
3,2,0.25,0.16666666666666666
4,1,0.125,0.1111111111111111
20,1,0.125,0.5555555555555556
