Size,Count,Frequency,Fraction of total molecules
2,2,0.4,0.1111111111111111
10,1,0.2,0.2777777777777778
11,2,0.4,0.6111111111111112
