Size,Count,Frequency,Fraction of total molecules
1,1,0.2,0.027777777777777776
3,1,0.2,0.08333333333333333
10,1,0.2,0.2777777777777778
11,2,0.4,0.6111111111111112
