Size,Count,Frequency,Fraction of total molecules
1,2,0.2,0.05555555555555555
2,3,0.3,0.16666666666666666
3,1,0.1,0.08333333333333333
4,1,0.1,0.1111111111111111
5,2,0.2,0.2777777777777778
11,1,0.1,0.3055555555555556
