Size,Count,Frequency,Fraction of total molecules
1,2,0.25,0.05555555555555555
2,1,0.125,0.05555555555555555
4,2,0.25,0.2222222222222222
6,2,0.25,0.3333333333333333
12,1,0.125,0.3333333333333333
