Size,Count,Frequency,Fraction of total molecules
1,2,0.2222222222222222,0.05555555555555555
4,4,0.4444444444444444,0.4444444444444444
5,1,0.1111111111111111,0.1388888888888889
6,1,0.1111111111111111,0.16666666666666666
7,1,0.1111111111111111,0.19444444444444445
