Size,Count,Frequency,Fraction of total molecules
1,1,0.25,0.027777777777777776
2,1,0.25,0.05555555555555555
14,1,0.25,0.3888888888888889
19,1,0.25,0.5277777777777778
