Cluster size,frequency,foTM
1,0.8604651162790697,0.74
2,0.11627906976744186,0.2
3,0.023255813953488372,0.06
