Size,Count,Frequency,Fraction of total molecules
1,4,0.6666666666666666,0.4
3,2,0.3333333333333333,0.6
