Size,Count,Frequency,Fraction of total molecules
1,61,0.6931818181818182,0.5083333333333333
2,23,0.26136363636363635,0.38333333333333336
3,3,0.03409090909090909,0.075
4,1,0.011363636363636364,0.03333333333333333
