Size,Count,Frequency,Fraction of total molecules
1,63,0.7078651685393258,0.525
2,22,0.24719101123595505,0.36666666666666664
3,3,0.033707865168539325,0.075
4,1,0.011235955056179775,0.03333333333333333
