Size,Count,Frequency,Fraction of total molecules
1,80,0.8080808080808081,0.6666666666666666
2,17,0.1717171717171717,0.2833333333333333
3,2,0.020202020202020204,0.05
