Size,Count,Frequency,Fraction of total molecules
1,88,0.8543689320388349,0.7333333333333333
2,13,0.1262135922330097,0.21666666666666667
3,2,0.019417475728155338,0.05
