Size,Count,Frequency,Fraction of total molecules
1,73,0.7684210526315789,0.6083333333333333
2,20,0.21052631578947367,0.3333333333333333
3,1,0.010526315789473684,0.025
4,1,0.010526315789473684,0.03333333333333333
