Size,Count,Frequency,Fraction of total molecules
1,77,0.7938144329896907,0.6416666666666667
2,18,0.18556701030927836,0.3
3,1,0.010309278350515464,0.025
4,1,0.010309278350515464,0.03333333333333333
