Size,Count,Frequency,Fraction of total molecules
1,55,0.6547619047619048,0.4583333333333333
2,23,0.27380952380952384,0.38333333333333336
3,5,0.05952380952380952,0.125
4,1,0.011904761904761904,0.03333333333333333
