Size,Count,Frequency,Fraction of total molecules
1,58,0.6744186046511628,0.48333333333333334
2,23,0.26744186046511625,0.38333333333333336
3,4,0.046511627906976744,0.1
4,1,0.011627906976744186,0.03333333333333333
