Size,Count,Frequency,Fraction of total molecules
1,100,0.9090909090909091,0.8333333333333334
2,10,0.09090909090909091,0.16666666666666666
