Size,Count,Frequency,Fraction of total molecules
1,71,0.7553191489361702,0.5916666666666667
2,21,0.22340425531914893,0.35
3,1,0.010638297872340425,0.025
4,1,0.010638297872340425,0.03333333333333333
