Size,Count,Frequency,Fraction of total molecules
1,90,0.8571428571428571,0.75
2,15,0.14285714285714285,0.25
