Size,Count,Frequency,Fraction of total molecules
1,53,0.6385542168674698,0.44166666666666665
2,24,0.2891566265060241,0.4
3,5,0.060240963855421686,0.125
4,1,0.012048192771084338,0.03333333333333333
