Size,Count,Frequency,Fraction of total molecules
1,70,0.7526881720430108,0.5833333333333334
2,20,0.21505376344086022,0.3333333333333333
3,2,0.021505376344086023,0.05
4,1,0.010752688172043012,0.03333333333333333
