Size,Count,Frequency,Fraction of total molecules
1,80,0.8163265306122449,0.6666666666666666
2,15,0.15306122448979592,0.25
3,2,0.02040816326530612,0.05
4,1,0.01020408163265306,0.03333333333333333
