Size,Count,Frequency,Fraction of total molecules
1,86,0.8431372549019608,0.7166666666666667
2,14,0.13725490196078433,0.23333333333333334
3,2,0.0196078431372549,0.05
