Size,Count,Frequency,Fraction of total molecules
1,56,0.6588235294117647,0.4666666666666667
2,24,0.2823529411764706,0.4
3,4,0.047058823529411764,0.1
4,1,0.011764705882352941,0.03333333333333333
