Size,Count,Frequency,Fraction of total molecules
1,60,0.6896551724137931,0.5
2,22,0.25287356321839083,0.36666666666666664
3,4,0.04597701149425287,0.1
4,1,0.011494252873563218,0.03333333333333333
