Size,Count,Frequency,Fraction of total molecules
1,116,0.9830508474576272,0.9666666666666667
2,2,0.01694915254237288,0.03333333333333333
