Size,Count,Frequency,Fraction of total molecules
1,104,0.9285714285714286,0.8666666666666667
2,8,0.07142857142857142,0.13333333333333333
