Size,Count,Frequency,Fraction of total molecules
1,66,0.7252747252747253,0.55
2,22,0.24175824175824176,0.36666666666666664
3,2,0.02197802197802198,0.05
4,1,0.01098901098901099,0.03333333333333333
