Size,Count,Frequency,Fraction of total molecules
1,79,0.8061224489795918,0.6583333333333333
2,17,0.17346938775510204,0.2833333333333333
3,1,0.01020408163265306,0.025
4,1,0.01020408163265306,0.03333333333333333
