Size,Count,Frequency,Fraction of total molecules
1,118,0.9915966386554622,0.9833333333333333
2,1,0.008403361344537815,0.016666666666666666
