Size,Count,Frequency,Fraction of total molecules
1,92,0.8679245283018868,0.7666666666666667
2,14,0.1320754716981132,0.23333333333333334
