Size,Count,Frequency,Fraction of total molecules
1,75,0.78125,0.625
2,19,0.19791666666666666,0.31666666666666665
3,1,0.010416666666666666,0.025
4,1,0.010416666666666666,0.03333333333333333
