Size,Count,Frequency,Fraction of total molecules
1,94,0.8785046728971962,0.7833333333333333
2,13,0.12149532710280374,0.21666666666666667
