Size,Count,Frequency,Fraction of total molecules
1,110,0.9565217391304348,0.9166666666666666
2,5,0.043478260869565216,0.08333333333333333
