Size,Count,Frequency,Fraction of total molecules
1,102,0.918918918918919,0.85
2,9,0.08108108108108109,0.15
