Size,Count,Frequency,Fraction of total molecules
1,15,0.8823529411764706,0.75
2,1,0.058823529411764705,0.1
3,1,0.058823529411764705,0.15
