Size,Count,Frequency,Fraction of total molecules
1,18,0.9473684210526315,0.9
2,1,0.05263157894736842,0.1
