Size,Count,Frequency,Fraction of total molecules
1,11,0.7333333333333333,0.55
2,3,0.2,0.3
3,1,0.06666666666666667,0.15
